Date,SP500_Return,Tech_Return,Healthcare_Return,Finance_Return,Industrial_Return,Energy_Return,CPI_Change,Rate_Change,GDP_Growth,Unemp_Change,USD_Change,VIX_Change,Credit_Spread
1991-01-01,4.067902429874777,,,,,,0.5,-0.39999999999999947,2.766648600022381,0.10000000000000053,0.1364605826620675,4.066090909090914,1.41
1991-02-01,6.511445851577603,,,,,,0.10000000000002274,-0.6600000000000001,2.734029727757692,0.1999999999999993,-1.3441746089769424,-5.830669856459334,1.2400000000000002
1991-03-01,2.195993835391828,,,,,,0.0,-0.1299999999999999,2.7523673529443293,0.20000000000000018,6.0334295908610045,-3.8542105263157893,1.16
1991-04-01,0.03197482375830989,,,,,,0.29999999999998295,-0.20999999999999996,2.7992150372447844,-0.09999999999999964,3.204934091279,-0.37148325358851864,1.08
1991-05-01,3.7878440105439655,,,,,,0.5,-0.1299999999999999,2.863004834537475,0.20000000000000018,0.8423327721154834,-0.44045454545454277,1.0
1991-06-01,-4.907746586014916,,,,,,0.4000000000000057,0.1200000000000001,2.973884215482059,0.0,2.975304827482802,0.20272727272726954,0.9500000000000012
1991-07-01,4.388227631696101,,,,,,0.19999999999998863,-0.08000000000000007,3.1723577733164143,-0.10000000000000053,0.14208634417987298,0.15909090909091006,0.8900000000000006
1991-08-01,1.9458239201722447,,,,,,0.4000000000000057,-0.16000000000000014,3.4855337044932266,0.10000000000000053,-1.8515419036503147,-1.6127272727272715,0.9000000000000004
1991-09-01,-1.932934986955976,,,,,,0.4000000000000057,-0.20999999999999996,3.884856602281195,0.0,-2.209307319674167,1.2751363636363617,0.9000000000000004
1991-10-01,1.1764759676739653,,,,,,0.19999999999998863,-0.2400000000000002,4.3267036186288355,0.09999999999999964,-0.5200210318555349,-0.592586956521739,0.9399999999999996
1991-11-01,-4.489664780873667,,,,,,0.6000000000000227,-0.40000000000000036,4.765035091532632,0.0,-2.6885499026217587,1.4095869565217427,0.9699999999999988
1991-12-01,10.578949320065524,,,,,,0.39999999999997726,-0.3799999999999999,5.150492968927001,0.2999999999999998,-2.5171213851862575,0.5741190476190461,0.9499999999999992
1992-01-01,-2.0124906041998383,,,,,,0.10000000000002274,-0.39999999999999947,5.433543136590169,0.0,0.47567224314090595,-0.6644372294372296,0.9300000000000016
1992-02-01,0.9543855309576457,,,,,,0.29999999999998295,0.02999999999999936,5.581529947505337,0.10000000000000053,2.054781872293219,-0.20581339712918734,0.9400000000000012
1992-03-01,-2.207370360663792,,,,,,0.5,-0.07999999999999963,5.62571441387556,0.0,2.3236371820623276,0.043086124401913395,0.9000000000000004
1992-04-01,2.751079773217417,,,,,,0.30000000000001137,-0.25,5.613003850910947,0.0,-0.5327269814231244,-0.9575974025974006,0.8800000000000008
1992-05-01,0.09634925174195681,,,,,,0.29999999999998295,0.08999999999999986,5.594047057891727,0.1999999999999993,-1.5871001900016495,-1.4858571428571423,0.8500000000000014
1992-06-01,-1.7511264288296995,,,,,,0.4000000000000057,-0.06000000000000005,5.636673763331168,0.20000000000000018,-2.3683545496556633,0.12618181818181462,0.8300000000000001
1992-07-01,3.8618306803876776,,,,,,0.4000000000000057,-0.5099999999999998,5.812240762353849,-0.09999999999999964,-3.4093675424930154,-1.6013636363636348,0.7699999999999996
1992-08-01,-2.4290163475819795,,,,,,0.30000000000001137,0.04999999999999982,6.146985428078278,-0.10000000000000053,-1.5718008163799624,0.8200865800865831,0.7000000000000002
1992-09-01,0.9064387885347568,,,,,,0.29999999999998295,-0.07999999999999963,6.489369135882184,0.0,0.8916221552596966,-0.7252380952380975,0.6999999999999993
1992-10-01,0.21040675880259035,,,,,,0.5999999999999943,-0.1200000000000001,6.644749654404003,-0.2999999999999998,3.228636654940516,3.9401515151515145,0.8499999999999996
1992-11-01,2.981295217929922,,,,,,0.4000000000000057,-0.010000000000000231,6.483441430145809,0.10000000000000053,4.96974079743093,-3.2123181818181816,0.8600000000000012
1992-12-01,1.0057025148320269,,,,,,0.20000000000001705,-0.16999999999999993,6.127166785216431,0.0,0.5022357127187576,-2.2331363636363637,0.8300000000000001
1993-01-01,0.7021280908169156,,,,,,0.5,0.10000000000000009,5.757522038779195,-0.10000000000000053,1.8330024261158542,0.2176363636363643,0.7599999999999998
1993-02-01,1.0429055449634723,,,,,,0.29999999999998295,0.009999999999999787,5.510826841807215,-0.20000000000000018,1.5189752124604894,1.3125789473684186,0.6800000000000006
1993-03-01,1.8524653242830476,,,,,,0.20000000000001705,0.040000000000000036,5.357049650785917,-0.09999999999999964,-0.23589076166568645,-0.11549199084667983,0.5700000000000003
1993-04-01,-2.5745396987600264,,,,,,0.5,-0.10999999999999988,5.2262152083146995,0.09999999999999964,-3.1162456768774547,-0.765134575569359,0.6800000000000006
1993-05-01,2.2463263865183976,,,,,,0.39999999999997726,0.040000000000000036,5.068867604722138,0.0,-0.37207747950698433,0.7650476190476194,0.7800000000000011
1993-06-01,0.07549434975973471,,,,,,0.10000000000002274,0.040000000000000036,4.912649979997563,-0.09999999999999964,1.6266242518569385,-1.0819090909090914,0.7400000000000002
1993-07-01,-0.5341285007793978,,,,,,0.19999999999998863,0.020000000000000018,4.803932482375695,-0.09999999999999964,2.7059090354225788,-1.0236147186147182,0.7599999999999998
1993-08-01,3.385244141081636,,,,,,0.30000000000001137,-0.03000000000000025,4.779699019600159,-0.10000000000000053,-0.22727376764471785,0.4281601731601743,0.75
1993-09-01,-1.003814417509807,,,,,,0.19999999999998863,0.06000000000000005,4.84174194088034,-0.09999999999999964,-2.2527261213822527,1.0027922077922078,0.6799999999999997
1993-10-01,1.9207276337299777,,,,,,0.5999999999999943,-0.09999999999999964,4.9834578268510565,0.09999999999999964,1.239371014879893,-1.0561904761904781,0.6399999999999997
1993-11-01,-1.2994692567740804,,,,,,0.4000000000000057,0.029999999999999805,5.195809189009126,-0.20000000000000018,2.2065365778935444,2.20857142857143,0.7300000000000004
1993-12-01,1.0040598783039005,,,,,,0.30000000000001137,-0.06000000000000005,5.456427809629383,-0.09999999999999964,0.28031735929106105,-2.7274458874458887,0.7600000000000007
1994-01-01,3.1983767906037284,,,,,,0.0,0.08999999999999986,5.7388417107526735,0.09999999999999964,0.7850515077326179,-0.0658874458874461,0.7300000000000004
1994-02-01,-3.05055975160481,,,,,,0.39999999999997726,0.20000000000000018,6.015112492125074,0.0,-0.8215951465425064,2.353734335839601,0.6799999999999997
1994-03-01,-4.6825930676400365,,,,,,0.4000000000000057,0.08999999999999986,6.255841205823098,-0.09999999999999964,-1.369108946427076,1.579267734553774,0.6500000000000004
1994-04-01,1.1464671878566652,,,,,,0.09999999999999432,0.2200000000000002,6.432602788775155,-0.09999999999999964,-0.005962442907460286,1.2475743707093816,0.6399999999999997
1994-05-01,1.2320928865823515,,,,,,0.30000000000001137,0.44999999999999973,6.526141120206996,-0.3000000000000007,-1.5496108810622928,-2.573909774436089,0.629999999999999
1994-06-01,-2.715623904644618,,,,,,0.4000000000000057,0.2400000000000002,6.549614558387118,0.0,-1.2077276056463262,-0.48850649350649356,0.6800000000000006
1994-07-01,3.1004268952847047,,,,,,0.5,0.009999999999999787,6.523839096740547,0.0,-2.3631383722478603,-0.9241363636363626,0.6900000000000013
1994-08-01,3.6909100790636225,,,,,,0.5999999999999943,0.20999999999999996,6.467263331424711,-0.09999999999999964,0.008613254712969365,-0.5953695652173927,0.6699999999999999
1994-09-01,-2.7245341243997485,,,,,,0.30000000000001137,0.2600000000000007,6.389008722170564,-0.09999999999999964,-1.1345662354480481,1.3442028985507246,0.6400000000000006
1994-10-01,2.061975964867581,,,,,,0.09999999999999432,0.02999999999999936,6.295501770952949,-0.10000000000000053,-1.422141995780919,2.011904761904759,0.629999999999999
1994-11-01,-4.0306098324758715,,,,,,0.4000000000000057,0.5300000000000002,6.182625734528857,-0.20000000000000018,1.1539604550316227,1.1385714285714332,0.6400000000000006
1994-12-01,1.2224097678835126,,,,,,0.29999999999998295,0.16000000000000014,6.006508768008434,-0.09999999999999964,1.7913634560324994,-2.206666666666667,0.6399999999999988
1995-01-01,2.3987692740722113,,,,,,0.4000000000000057,0.08000000000000007,5.714683629834627,0.09999999999999964,-1.3277265375310776,-1.902857142857144,0.6199999999999992
1995-02-01,3.5438712774815286,,,,,,0.4000000000000057,0.3899999999999997,5.292971237711286,-0.1999999999999993,-1.0629540876908692,-0.8042857142857134,0.5899999999999999
1995-03-01,2.696242010364243,,,,,,0.29999999999998295,0.0600000000000005,4.871138131353847,0.0,-3.5753256424613653,0.6965217391304357,0.5800000000000001
1995-04-01,2.7576603842838927,,,,,,0.6000000000000227,0.0699999999999994,4.609758254908192,0.39999999999999947,-1.912174739008364,0.2761098398169324,0.5700000000000003
1995-05-01,3.566797956572485,,,,,,0.29999999999998295,-0.040000000000000036,4.607536683651703,-0.20000000000000018,0.9578263821809117,-0.17672248803827628,0.5499999999999989
1995-06-01,2.1055316306170484,,,,,,0.30000000000001137,-0.009999999999999787,4.733546713376358,0.0,-0.49828031034807907,-0.36909090909090914,0.6000000000000005
1995-07-01,3.1281627592512193,,,,,,0.19999999999998863,-0.15000000000000036,4.802160665386723,0.10000000000000053,-0.34811682102484554,0.617181818181816,0.629999999999999
1995-08-01,-0.03202887643984275,,,,,,0.30000000000001137,-0.10999999999999943,4.682971573116879,0.0,2.7577017711062837,0.284260869565216,0.6199999999999992
1995-09-01,3.931443269158869,,,,,,0.19999999999998863,0.05999999999999961,4.457259118848755,-0.10000000000000053,1.0775356411193542,-0.741260869565215,0.6099999999999994
1995-10-01,-0.49917733857125224,,,,,,0.4000000000000057,-0.040000000000000036,4.256012644984342,-0.09999999999999964,-1.6175752614999794,2.300272727272727,0.6299999999999999
1995-11-01,4.022886132135168,,,,,,0.19999999999998863,0.040000000000000036,4.189349465849146,0.09999999999999964,0.09500018033114088,-1.8882251082251074,0.6600000000000001
1995-12-01,1.7293475541394994,,,,,,0.20000000000001705,-0.20000000000000018,4.297014914893715,0.0,0.894003434614703,-0.7205476190476201,0.6699999999999999
1996-01-01,3.20967312736511,,,,,,0.799999999999983,-0.040000000000000036,4.602043340796924,0.0,1.1049486243206559,1.7251363636363646,0.6600000000000001
1996-02-01,0.690977421523225,,,,,,0.30000000000001137,-0.33999999999999986,5.091474380927341,-0.09999999999999964,0.17791008801192731,1.5593636363636332,0.6399999999999997
1996-03-01,0.7885395976348094,,,,,,0.5,0.08999999999999986,5.608234897943598,0.0,0.22190384637742966,2.7293809523809536,0.6799999999999997
1996-04-01,1.334202010570647,,,,,,0.5999999999999943,-0.08999999999999986,5.96020549803673,0.09999999999999964,0.9244148122283775,-1.187142857142856,0.6899999999999995
1996-05-01,2.259617855050066,,,,,,0.30000000000001137,0.020000000000000462,6.0205533172337455,0.0,0.854465273529172,-0.4288744588744571,0.6800000000000006
1996-06-01,0.22541674267919787,,,,,,0.29999999999998295,0.02999999999999936,5.916159851447045,-0.2999999999999998,-0.19023711163065116,0.24863636363636132,0.6900000000000004
1996-07-01,-4.682750899291917,,,,,,0.30000000000001137,0.13000000000000078,5.8346441064020205,0.20000000000000018,-0.9001960920250838,1.5836363636363657,0.6999999999999993
1996-08-01,1.8639142030761158,,,,,,0.19999999999998863,-0.1800000000000006,5.912123805078506,-0.40000000000000036,-0.7190318201841706,-2.218181818181817,0.7199999999999998
1996-09-01,5.278534169307636,,,,,,0.5,0.08000000000000007,6.09121585098924,0.10000000000000053,0.9196321066323918,0.817545454545451,0.6899999999999995
1996-10-01,2.5766184810720274,,,,,,0.5,-0.05999999999999961,6.267991116470117,0.0,0.5628775365604355,-0.1962608695652186,0.6800000000000006
1996-11-01,7.080896305654677,,,,,,0.5,0.0699999999999994,6.359171944252107,0.20000000000000018,-0.9838308330401588,-0.3847391304347809,0.6900000000000004
1996-12-01,-2.1740025620189605,,,,,,0.4000000000000057,-0.019999999999999574,6.3589035556661955,0.0,1.7067755827139877,3.263952380952386,0.6899999999999995
1997-01-01,5.9510626546169565,,,,,,0.30000000000001137,-0.040000000000000036,6.2805999846475835,-0.10000000000000053,2.207925306478529,0.212380952380947,0.6699999999999999
1997-02-01,0.5910091189056065,,,,,,0.29999999999998295,-0.05999999999999961,6.150684777946425,-0.09999999999999964,3.5768477398415968,0.6661403508771926,0.6300000000000008
1997-03-01,-4.354863618214284,,,,,,0.10000000000002274,0.1999999999999993,6.045204414914274,0.0,1.058452606201186,0.0305263157894764,0.6299999999999999
1997-04-01,5.676360503236183,,,,,,0.09999999999999432,0.1200000000000001,6.0499773430069625,-0.10000000000000053,0.8113202181729378,-0.5077272727272764,0.6099999999999994
1997-05-01,5.692544457452351,,,,,,0.0,-0.009999999999999787,6.210589294591751,-0.1999999999999993,-1.1736363497647204,0.2624891774891793,0.6199999999999992
1997-06-01,4.253503662890388,,,,,,0.29999999999998295,0.05999999999999961,6.420191061652947,0.09999999999999964,0.22041157313753956,0.2695238095238075,0.6099999999999994
1997-07-01,7.524272255849243,,,,,,0.20000000000001705,-0.040000000000000036,6.535338037397698,-0.09999999999999964,2.032256227102337,0.3348051948051953,0.6100000000000003
1997-08-01,-5.918289529406516,,,,,,0.4000000000000057,0.020000000000000462,6.459812046039626,-0.10000000000000053,2.4991717921033967,2.5556709956709973,0.6000000000000005
1997-09-01,5.178908254907495,,,,,,0.39999999999997726,0.0,6.28057277602585,0.10000000000000053,-1.6250217157008677,0.7276190476190472,0.5499999999999998
1997-10-01,-3.508607782077316,,,,,,0.30000000000001137,-0.040000000000000036,6.127724364271092,-0.20000000000000018,-1.2763239894459986,0.058488612836438136,0.5700000000000003
1997-11-01,4.362145338032778,,,,,,0.19999999999998863,0.019999999999999574,6.088591020100398,-0.10000000000000053,-0.6731303007706515,8.335241545893723,0.5499999999999998
1997-12-01,1.5609138181524678,,,,,,0.10000000000002274,-0.019999999999999574,6.0909843935425645,0.10000000000000053,2.434435073189121,-5.929747474747476,0.5600000000000005
1998-01-01,1.0099010336863457,,,,,,0.19999999999998863,0.05999999999999961,6.024701485353612,-0.10000000000000053,1.701382784033001,-2.4098636363636388,0.5800000000000001
1998-02-01,6.807836648858761,,,,,,0.0,-0.04999999999999982,5.8171850803369285,0.0,-0.5963178114457577,-3.8675526315789455,0.5800000000000001
1998-03-01,4.8738462205499475,,,,,,0.0,-0.019999999999999574,5.538714687213786,0.10000000000000053,0.5481361042369599,0.159688995215312,0.6000000000000005
1998-04-01,0.9035525668709443,,,,,,0.19999999999998863,-0.040000000000000036,5.292678274292517,-0.40000000000000036,-0.194546092640266,1.8699350649350635,0.6399999999999997
1998-05-01,-1.900569265965794,,,,,,0.4000000000000057,0.040000000000000036,5.162455267409394,0.10000000000000053,-0.6900427682059131,-1.1545714285714297,0.6099999999999994
1998-06-01,3.868041398243032,,,,,,0.20000000000001705,0.0699999999999994,5.162368701908848,0.09999999999999964,1.3350439195509125,0.7887272727272716,0.5999999999999996
1998-07-01,-1.168331178413525,,,,,,0.39999999999997726,-0.019999999999999574,5.290123092668519,0.0,0.4641695135666879,-1.7327272727272671,0.6000000000000005
1998-08-01,-15.758607868343159,,,,,,0.20000000000001705,0.009999999999999787,5.529028866756747,0.0,0.3931671995553785,11.658095238095235,0.6200000000000001
1998-09-01,6.052627819818775,,,,,,0.09999999999999432,-0.040000000000000036,5.803527037017808,0.09999999999999964,-4.5573374760615195,6.616666666666664,0.6899999999999995
1998-10-01,7.72334378916789,,,,,,0.4000000000000057,-0.4399999999999995,6.024293892235,-0.09999999999999964,-3.498636072332218,-1.596580086580083,0.8099999999999996
1998-11-01,5.744403620469628,,,,,,0.19999999999998863,-0.2400000000000002,6.127732544375353,-0.09999999999999964,1.7874017855821762,-10.385181818181817,0.9299999999999996
1998-12-01,5.484350764671906,,,,,,0.30000000000001137,-0.15000000000000036,6.149445203640491,0.0,-0.9128561868924407,-0.7439090909090957,1.010000000000001
1999-01-01,4.0190858615482234,14.756087014820274,4.695698308777108,1.71848688696404,-1.0873148375817316,-6.784608237044488,0.29999999999998295,-0.04999999999999982,6.1490241899829545,-0.10000000000000053,0.09333387418315908,2.556172248803829,1.0499999999999998
1999-02-01,-3.281513760025149,-10.444266336759739,0.11461319306225416,1.5604992732332992,0.8962928119698038,-0.863314714470289,0.0,0.1299999999999999,6.170496886178678,0.10000000000000053,2.48666525341217,0.7873684210526335,0.9899999999999992
1999-03-01,3.8060632258911853,7.1680388374527935,2.6004857135328177,2.924551124005857,1.706202527672155,12.864229279973364,0.10000000000002274,0.04999999999999982,6.19875999540207,-0.20000000000000018,2.3352180646813565,-3.513066361556067,0.91
1999-04-01,3.724185997213077,0.5960000613814732,3.509131981127019,6.7822665796062855,14.008879317068168,13.804792916900738,1.0999999999999943,-0.0699999999999994,6.204344203746404,0.09999999999999964,1.0819256389609961,-1.8309937888198746,0.8400000000000007
1999-05-01,-2.5287532336114906,0.3389833754511524,-3.119267939561277,-6.219938641926908,-1.9802627296179753,-2.181911494876729,0.09999999999999432,0.0,6.173325489301407,-0.09999999999999964,0.44785644894554366,2.7259285714285753,0.79
1999-06-01,5.300823759008801,9.168880203612117,4.2976425817675175,3.9699880498661475,5.826890812397583,1.5156125730533365,0.0,0.019999999999999574,6.151931985267467,0.09999999999999964,1.5304556759921013,-2.578136363636368,0.7899999999999991
1999-07-01,-3.25708089457425,-1.164609436258476,-3.0272581948304564,-6.302273193093315,-3.7377549092599507,1.8764346204301108,0.6999999999999886,0.23000000000000043,6.200230081973701,0.0,0.24090888283467393,-2.577316017316015,0.7599999999999998
1999-08-01,-0.6273730443188987,3.453912008950027,-4.604968561132891,-4.500261438936583,0.8127923369727456,1.0875582274338538,0.4000000000000057,0.08000000000000007,6.3459767381702115,-0.09999999999999964,-2.440910686146111,3.274588744588744,0.75
1999-09-01,-2.8967323421100266,-0.4158010148663677,-1.388911216066715,-5.696228140535145,-0.7040375682328449,-5.160652321169975,0.700000000000017,0.14999999999999947,6.494200886972035,0.0,-0.4168170582164521,0.21779220779220765,0.8099999999999996
1999-10-01,6.066183660855315,2.985296314968113,4.94559431554096,14.441829194822411,-2.197890671877523,-1.4917086703237379,0.29999999999998295,-0.019999999999999574,6.5222572305051685,-0.10000000000000053,-1.6000651570109596,-0.5199999999999996,0.830000000000001
1999-11-01,1.8882457961593262,9.363765892606677,1.1579947430959419,-4.500757914366168,-2.2472855852058626,-0.17355386617017934,0.30000000000001137,0.21999999999999975,6.369177329750664,0.0,2.3682470445509267,-2.203333333333333,0.79
1999-12-01,5.6232775045104955,14.35248135674739,8.054865253634016,-2.787869207786157,7.390502948432921,0.4045008510364292,0.4000000000000057,-0.1200000000000001,6.209674008072152,-0.09999999999999964,1.1410079322784838,0.34099567099567096,0.6399999999999997
2000-01-01,-5.224485096542008,-6.345635360520141,-2.561615475625057,-3.0032302761638907,-8.533372530795205,0.8041398874993657,0.5,0.15000000000000036,6.274085758528591,0.0,-0.044968172630163394,1.0429090909090917,0.5499999999999998
2000-02-01,-2.0313002436901426,9.990685811502253,-6.762232323841035,-11.322031049045659,-5.675281659244948,-4.325630516606018,0.6999999999999886,0.28000000000000025,6.696574717737835,0.09999999999999964,2.720475333077559,0.3934999999999995,0.6099999999999994
2000-03-01,9.232375063667664,8.055883671725203,8.61318491005049,16.407313752540933,12.827123183943767,11.392587851674934,1.0,0.11999999999999922,7.238851966607518,-0.09999999999999964,1.1101450001971216,-0.8772391304347842,0.6899999999999995
2000-04-01,-3.127991095339023,-9.63427044185141,-1.1785942219087198,0.9612350794702509,1.4342875359404281,-1.503787736454056,-0.09999999999999432,0.16999999999999993,7.57394598691401,-0.20000000000000018,1.2212581154410742,4.445949656750571,0.7600000000000007
2000-05-01,-2.2158752395755528,-10.97895010691591,-2.7169905351927834,2.2076015728389873,-0.4228336109521064,11.102625319350366,0.29999999999998295,0.25,7.468843016304372,0.20000000000000018,4.0211724094226895,-0.7910287081339682,0.91
2000-06-01,2.3651631558432373,9.490657037744878,0.21164029063776937,-5.3166494858468605,-4.219122244557451,-6.1411856543862955,1.0,0.2600000000000007,7.047286084299387,0.0,-3.6799999583851246,-4.833181818181821,0.8100000000000005
2000-07-01,-1.6476267193485266,-5.451586732811359,-1.4909754366287038,8.448618428036884,1.5351178655760978,-3.885003006248228,0.5,0.009999999999999787,6.519700461233868,0.0,1.1717099441594314,-1.6469999999999985,0.6999999999999993
2000-08-01,5.892822369153254,9.685919538292168,3.4795286653394846,9.673817291642873,9.441948747961803,10.364598459058568,0.0,-0.040000000000000036,6.058200243557699,0.09999999999999964,2.8893382544349606,-1.8043043478260898,0.71
2000-09-01,-5.496632087674741,-19.803306166796933,-3.6943515191684324,1.848887072010693,-3.2195939800487827,1.199342752254633,0.9000000000000057,0.019999999999999574,5.691240933073449,-0.19999999999999973,3.1910431571628806,1.5988043478260892,0.7299999999999995
2000-10-01,-0.4961774691885913,-5.8983449061844615,1.4941579998199142,-0.8658059926987168,2.2245608947319737,-2.7557944063657906,0.30000000000001137,-0.009999999999999787,5.409756136486155,0.0,1.6933633284135254,5.512499999999999,0.79
2000-11-01,-8.345618792359105,-22.959749985495343,-9.55220666575384,-5.2438139648630315,-3.459144476961909,-5.387654447922836,0.29999999999998295,0.0,5.19231343388058,0.0,0.42454494129528086,1.1828571428571415,0.8299999999999992
2000-12-01,0.40452525456847754,-10.416219316571764,1.618532442101735,7.819062744585597,3.4591444769619084,9.422784000279563,0.4000000000000057,-0.10999999999999943,4.973445211935235,0.0,-3.7509084528142864,0.14764285714285919,0.8099999999999996
2001-01-01,3.4050231409260965,17.49759273505453,6.979986171413819,-0.23756780045545325,0.3832672772914206,-3.2383092630841883,1.0,-0.41999999999999993,4.679500336876585,0.30000000000000027,-2.599091408469434,-1.6119285714285745,0.7799999999999994
2001-02-01,-9.683114482086731,-28.643170875217884,-1.935096574743714,-6.9648376502668325,-6.180083388947702,-1.2212498484200636,0.4000000000000057,-0.4900000000000002,4.269972013184753,0.0,1.6795906760475532,-1.506992481203003,0.7700000000000005
2001-03-01,-6.635853454793589,-12.171797503620185,-6.635455060108636,-3.3713158582163865,-10.351600407237488,-3.3315028442515793,0.09999999999999432,-0.1800000000000006,3.8203646665264435,0.09999999999999964,2.1263189142400876,5.085239234449759,0.8599999999999994
2001-04-01,7.400701716559068,14.98789081519579,7.1227494176078805,3.5532977569998634,10.825212226822762,9.826695584934885,0.30000000000001137,-0.5099999999999998,3.4278844464915137,0.10000000000000053,1.5761808568780822,-0.36281818181818437,0.8700000000000001
2001-05-01,0.5077276192499077,-4.1820421997873485,3.7483106987509145,4.3059488151943475,4.099753243841846,-0.9492794616628765,0.9000000000000057,-0.5899999999999999,3.153694861484535,-0.10000000000000053,1.2456381017511546,-5.18990909090909,0.7800000000000002
2001-06-01,-2.5354105491820706,1.9355476035288723,-1.1774749604942931,-1.085632541044407,-6.594328378137687,-10.024031060279318,0.39999999999997726,-0.23999999999999977,2.942200344666901,0.20000000000000018,2.1963627142307587,-2.003614718614717,0.79
2001-07-01,-1.0798241319025235,-7.173513244892119,-2.0168182129510983,-0.9552595964135867,-0.20782642111512825,-1.1599148412370823,-0.29999999999998295,-0.20000000000000018,2.712255522178597,0.09999999999999964,-0.5022726513090561,1.375714285714281,0.8399999999999999
2001-08-01,-6.625562852916861,-13.01590289684873,-5.209324205285108,-6.840895891219638,-3.4930337637000415,-4.325552460425597,0.0,-0.1200000000000001,2.4235411772400406,0.3000000000000007,-4.0577274820079055,-0.4544513457556896,0.8300000000000001
2001-09-01,-8.525663276941998,-17.885236244541982,-15.682187270103757,-6.243444297523893,-16.26245533214637,-10.67924834587594,0.6999999999999886,-0.5800000000000001,2.1883421242455903,0.09999999999999964,-1.0862492063771185,13.203594202898554,0.8599999999999994
2001-10-01,1.793727226268294,10.354069680827477,0.5093425149728934,-1.4282999151163231,1.7588396211729473,3.948884021938971,-0.5,-0.5799999999999996,2.1533778521205527,0.2999999999999998,0.906249564626961,-2.3440289855072436,0.8799999999999999
2001-11-01,7.248427993671071,13.925271904824942,10.975388648892377,6.291887774344943,9.534791003132046,-5.7465060182014405,-0.09999999999999432,-0.40000000000000036,2.4001751048680964,0.20000000000000018,1.7977271098864378,-6.090351966873712,0.8399999999999999
2001-12-01,0.7545296609037893,-2.2250646242371803,2.2135592875681445,1.493988875651121,4.428770774405644,5.149044034419958,-0.09999999999999432,-0.2699999999999998,2.7579345585751147,0.20000000000000018,0.19727387861772172,-2.9109523809523807,1.2800000000000011
2002-01-01,-1.5696378592795637,-1.0892450807613108,-0.744885232243193,-1.1472379186724657,-6.52608017239715,-3.6228966870969734,0.29999999999998295,-0.09000000000000008,2.991997024707471,0.0,1.5586357810280447,-1.4671428571428535,1.3200000000000005
2002-02-01,-2.0984861119793337,-13.94460786064012,4.495547953493077,-1.7459233388954887,2.4739591116358857,3.360374120151018,0.30000000000001137,0.010000000000000009,2.9460068452881405,0.0,1.2028643868186322,0.6229323308270658,1.38
2002-03-01,3.6080106667215,4.821351813505369,5.594651869191024,6.073976103922534,2.3775242750274233,8.145712504014682,0.5,-0.010000000000000009,2.7781636751138983,0.0,-1.030500793457037,-3.8907894736842117,1.2999999999999998
2002-04-01,-6.33846547446828,-12.886175754559122,-0.6101724191252702,-2.574289906698982,-7.151331924237929,-3.6662513280812132,0.8000000000000114,0.020000000000000018,2.721577507312012,0.20000000000000018,-1.0532732530073616,0.9154545454545477,1.2699999999999996
2002-05-01,-0.9122969376784574,-4.235417382196934,1.384455172505862,-0.30280708014376156,0.43281083958586225,-1.7750865008069692,0.19999999999998863,0.0,2.9364360893367802,-0.10000000000000053,-3.51055338260214,0.18727272727272748,1.34
2002-06-01,-7.521434960317877,-14.343794465242144,-7.446915732805732,-4.814593258547614,-6.571702870348611,-4.332267517564315,0.09999999999999432,0.0,3.3056388700211548,0.0,-3.721674081553573,5.183272727272726,1.3200000000000005
2002-07-01,-8.229988459363792,-9.961780282766165,-2.932765734113768,-8.679446978079154,-5.826892411851341,-14.913786257873483,0.4000000000000057,-0.020000000000000018,3.642378482018338,0.0,-3.693107903522005,8.778545454545458,1.37
2002-08-01,0.48695577417693325,-0.8415189046159033,0.962614748425152,1.8483248293289376,-1.5677829941339458,1.4951912496943676,0.5,0.010000000000000009,3.80190144298429,-0.09999999999999964,1.4326079146192967,-0.306818181818187,1.21
2002-09-01,-11.656114050838795,-18.26032796340793,-6.704720269819994,-12.746555213379345,-12.6397874833081,-7.946089002613528,0.30000000000001137,0.010000000000000009,3.8159884579587633,0.0,-0.08699985850940095,3.9047727272727286,1.25
2002-10-01,8.291439611915427,22.128216313812267,5.66767845990104,8.749506713517778,4.800917338361099,1.8263181367582382,0.39999999999997726,0.0,3.7612618211307014,0.0,0.22743543541950828,-2.404456521739128,1.41
2002-11-01,5.550057104349944,14.715765113755937,3.0433142651361744,3.655754556400929,5.092700332696837,4.046932330732112,0.30000000000001137,-0.4099999999999999,3.7020871925986576,0.20000000000000018,-1.855196840274445,-7.068043478260872,1.3100000000000005
2002-12-01,-6.222926619772058,-14.445129215922492,-4.204163751789331,-6.169358998543392,-4.5570252696058615,-0.49140420184446326,0.30000000000001137,-0.10000000000000009,3.6545196304759164,0.09999999999999964,-1.442380995977473,0.03547619047618866,1.2400000000000002
2003-01-01,-2.77974877305516,-2.393279229876346,-0.3395594865617796,-1.2808941193023355,-5.541725373524767,-2.5398166161683666,0.799999999999983,0.0,3.6224695136087615,-0.20000000000000018,-3.4052371070498424,-0.7861904761904768,1.1799999999999995
2003-02-01,-1.714982949976613,0.48326395642767267,-2.255009544803341,-3.133295989549993,-1.5520189348788902,2.89743847301901,1.0,0.020000000000000018,3.6190219504042886,0.10000000000000053,-0.9686730176882747,4.794135338345864,1.1099999999999994
2003-03-01,0.8322836592988462,-1.5267490319109385,3.232829433228673,-1.3872479371983966,0.6754983416935539,-0.4024157163555986,0.30000000000001137,-0.010000000000000009,3.694126106479678,0.0,-0.10799513126076477,-1.5841353383458596,1.0600000000000005
2003-04-01,7.7927340026379035,8.765216192960636,3.24034635738374,11.842510912719721,10.276783541874378,-0.854900770028541,-0.700000000000017,0.010000000000000009,3.9063840418242624,0.09999999999999964,-0.34619031633650366,-6.642380952380957,1.1099999999999994
2003-05-01,4.964571199782595,8.23561663040652,2.0441798052150477,4.966596053701484,2.674202394698481,10.09223228045541,-0.29999999999998295,0.0,4.289884672562216,0.09999999999999964,-4.969047183082225,-3.7523809523809497,1.16
2003-06-01,1.1258598140629075,0.7054640090811988,4.035329579151268,-0.04072450664194584,1.8481475201553677,-1.772147411591343,0.19999999999998863,-0.040000000000000036,4.783672686142393,0.20000000000000018,-0.8942852928524729,0.12285714285714278,1.2200000000000006
2003-07-01,1.6093504013478805,3.057640479007467,-1.5115387036731864,4.266140138908376,3.2516036609362318,-3.598265327113021,0.5999999999999943,-0.20999999999999996,5.304323363716801,-0.09999999999999964,2.0955274909672994,-1.2010173160173174,1.13
2003-08-01,1.7715355943955013,4.662332337183507,-3.7740317825759733,-1.1778676824271272,3.817263836287019,6.1840899844909,0.8000000000000114,0.020000000000000018,5.7778343861607295,-0.10000000000000053,1.5916157440122163,0.1129220779220752,1.13
2003-09-01,-1.2016271671429113,-0.8714643501689406,-0.035952648356711026,0.3548165569401954,-3.1278955116749376,-2.5858246573778865,0.5999999999999943,-0.020000000000000018,6.162898462730215,0.0,-1.4094822540943568,0.2580952380952404,1.0700000000000005
2003-10-01,5.350426070312328,7.074189332293145,0.6808861133128454,6.697068895481078,5.99929398167258,0.9518029642874472,-0.19999999999998863,0.0,6.425939568589345,-0.09999999999999964,-3.7430031214777983,-1.5089026915113841,1.0300000000000002
2003-11-01,0.7103216390662538,1.4170215649514162,2.120222098870522,-0.3687370474610268,1.962024028767883,0.7794854922282678,0.09999999999999432,-0.010000000000000009,6.554109222275106,-0.20000000000000018,-0.1381925674543396,-0.6224256292906176,1.0099999999999998
2003-12-01,4.951898497110497,2.383427405420049,5.277817935688963,3.8410486684837966,5.927094050261692,11.855465851214829,0.5,-0.020000000000000018,6.617430178797146,-0.09999999999999964,-3.5333502372486123,-0.5746889952153111,0.9799999999999996
2004-01-01,1.7128847057714995,4.180290875511193,2.7156909691820674,3.218187746096126,1.003914187828492,2.225507669060066,0.8000000000000114,0.020000000000000018,6.705829152321385,0.0,-1.9631160719570175,-0.7253636363636389,0.9000000000000004
2004-02-01,1.213504533610582,-2.574026416995202,1.0595698068600647,2.817092186909032,-0.7426724097518485,5.12045279813549,0.39999999999997726,0.010000000000000009,6.873401805999024,-0.10000000000000053,-0.0939297085716646,-0.10257894736841955,0.7699999999999996
2004-03-01,-1.6494204178642544,-2.691619556614951,-4.50761862202951,-1.6194686561443357,-1.577794106254191,-1.0510334662462821,0.4000000000000057,-0.010000000000000009,7.035033047354733,0.20000000000000018,2.1103269991667446,1.6889702517162473,0.7800000000000002
2004-04-01,-1.6933314713063943,-3.8942997857410426,3.059953465216988,-4.451358138734436,-0.037872482872552155,1.6898002533581795,0.30000000000001137,0.0,7.072090061793923,-0.20000000000000018,1.3783650210678644,-1.9888198757763966,0.7299999999999995
2004-05-01,1.2011028036095872,3.844683168427787,-0.3245714634759738,1.69256511169018,2.4322981385044975,-0.3020648457456393,0.799999999999983,0.0,6.90964194940813,0.0,0.712808681669685,2.0064285714285717,0.71
2004-06-01,1.7829111362111554,2.6929467667109495,-0.6523205255722888,-0.06996206410077213,5.7815439988249855,5.65232770161509,0.700000000000017,0.030000000000000027,6.638212762020368,0.0,-1.3939992384477051,-2.362272727272728,0.7700000000000005
2004-07-01,-3.489223484716681,-6.280091062390904,-5.515854689394508,-2.157462175855599,-2.831042681648584,3.034805765354027,0.19999999999998863,0.22999999999999998,6.38591802013182,-0.09999999999999964,-0.8186364607377499,0.15965367965367783,0.7999999999999998
2004-08-01,0.22847383199045748,-4.524709722494022,1.6121059734837881,3.2016825181027797,0.07175655312258956,-1.5528261958617142,0.09999999999999432,0.16999999999999993,6.2556025253901915,-0.09999999999999964,0.5395455793900936,1.1817099567099572,0.8099999999999996
2004-09-01,0.9320306218269943,2.864922223676239,-2.0626323239235353,-1.4649742387815217,1.777508636990523,8.91738628528095,0.6000000000000227,0.18000000000000016,6.265373696292942,0.0,-0.22045412930575026,-2.603138528138528,0.8099999999999996
2004-10-01,1.3916952102817837,4.299527349899913,-2.2480795389892703,0.5256663360548722,1.016664039578616,0.5993997834289407,1.0,0.1499999999999999,6.413226240660852,0.09999999999999964,-1.7773608913669392,0.8928571428571441,0.7400000000000002
2004-11-01,3.7868776906828336,4.983935613388734,1.9349808314454497,3.063398248966128,6.089128790609851,6.52674539568016,0.8999999999999773,0.16999999999999993,6.675588492761864,-0.09999999999999964,-3.2799119330071704,-1.3961904761904762,0.6800000000000006
2004-12-01,3.194257321148287,0.6177309624039398,5.06136120598006,3.431960033766654,1.950014312027087,-3.2238974015937387,0.0,0.2300000000000002,6.940928640743627,0.0,-2.0290520558715315,-1.1180735930735928,0.6800000000000006
2005-01-01,-2.5615767695305847,-5.802263478667066,-3.1631187730766466,-2.1855194524162345,-2.840076393903565,3.330481256150635,-0.09999999999999432,0.11999999999999966,7.077139689554546,-0.10000000000000053,1.5427744136833894,0.9784545454545448,0.6599999999999993
2005-02-01,1.8726898056026693,0.15049255919815774,2.9641751610596896,-0.6718211357369566,1.152271100041649,15.510132612831487,0.8000000000000114,0.2200000000000002,7.001392253350991,0.10000000000000053,0.6115949903215778,-1.7290526315789485,0.6200000000000001
2005-03-01,-1.9302760921690574,-1.9742544275339273,-0.9001512736977595,-4.409943848004071,-0.3935686706475946,-2.2602428325825703,0.6999999999999886,0.1299999999999999,6.820485022814049,-0.20000000000000018,-0.8871363206343261,1.417416267942583,0.6599999999999993
2005-04-01,-2.0313511500222594,-3.5913233448175914,3.4236359006916315,0.17596172930100648,-3.715910732766005,-5.563649394803255,0.5999999999999943,0.16000000000000014,6.685819935332948,0.0,1.4307795272761012,1.3326839826839834,0.7199999999999998
2005-05-01,2.9512244489019595,6.711862619321184,1.254241538181218,2.910804524759328,3.1226317866850763,2.7485643020348434,-0.09999999999999432,0.20999999999999996,6.699784968782607,-0.10000000000000053,1.3609521048409619,-0.4914285714285711,0.8599999999999994
2005-06-01,-0.014272436450534956,-1.2967774061678128,-0.8344086351484219,0.6468124771913337,-2.9182042295905175,6.434357435691853,0.09999999999999432,0.040000000000000036,6.781013643598266,-0.09999999999999964,2.814177542021781,-2.0989826839826833,0.9000000000000004
2005-07-01,3.5336532271868712,5.517626789776556,2.2308090579533832,1.5488532621727331,3.7412541432420676,6.846775005718861,1.200000000000017,0.21999999999999975,6.804665661734388,0.0,1.2543936395025952,-0.8196363636363646,0.8900000000000006
2005-08-01,-1.1285547502899256,-0.9546557343514659,-0.3472732845716548,-1.6507025605728254,-2.3889633300233033,6.190903660207047,1.1999999999999886,0.2400000000000002,6.687478178232231,-0.09999999999999964,-1.7557963021793768,1.9023043478260888,0.8700000000000001
2005-09-01,0.6924991121193389,0.23951741779046848,-0.8575579075523359,0.2713679503195095,1.267948776734225,5.811238628865975,2.700000000000017,0.1200000000000001,6.503074544497678,0.09999999999999964,0.1391301441390027,-0.3232091097308505,0.9000000000000004
2005-10-01,-1.7900033906343304,-2.3234324245869367,-3.110069240228192,3.003230874812794,-1.435991646783428,-9.471409335805065,0.29999999999998295,0.1599999999999997,6.362069012311911,0.0,1.641904195149749,2.30952380952381,0.9500000000000002
2005-11-01,3.45812139547286,6.125812524667707,1.2101565233594016,4.656484116216562,5.656024691617633,1.4842186664857633,-1.0,0.2200000000000002,6.344256741084808,0.0,1.770001366024914,-2.789999999999999,0.9699999999999998
2005-12-01,-0.09528030899304152,-3.8023801000807858,3.073222304122773,-0.6295280603331798,-0.12722332731452568,1.522164642117668,0.0,0.16000000000000014,6.415669762180598,-0.09999999999999964,-0.5757152012416213,-0.8876190476190491,0.9500000000000002
2006-01-01,2.5147895607579915,3.2944191632129534,1.284283125175272,0.8802382135763374,0.2860327777295231,13.635979776410903,1.200000000000017,0.1299999999999999,6.515668247738793,-0.20000000000000018,-1.8851906186058471,0.7759999999999998,0.9500000000000002
2006-02-01,0.0453055083401205,0.2312104477895335,1.1449882964376104,2.105987000922804,3.062743830906821,-9.680278954659686,0.09999999999999432,0.20000000000000018,6.5863428854462835,0.09999999999999964,1.3216324655633258,0.435052631578948,0.92
2006-03-01,1.1034703509449961,2.2380462884019554,-1.6129396243944747,-0.2454718075626613,3.952837857476415,3.8603281893820527,0.29999999999998295,0.09999999999999964,6.574572146468438,-0.09999999999999964,-0.38567579256314843,-0.7771395881006882,0.8799999999999999
2006-04-01,1.2082366269225648,-1.3184960712501654,-3.1446128677757654,4.24059341641493,2.136769613314232,4.914020420979929,1.0,0.20000000000000018,6.428771299027081,0.0,-1.5574828088965518,0.153455377574371,0.8399999999999999
2006-05-01,-3.14049293203158,-6.71965152330071,-2.119758546433849,-3.8420071564481755,-1.723425670617879,-2.8220883769585248,0.6000000000000227,0.15000000000000036,6.130430421584254,-0.10000000000000053,-3.5522012117376818,2.6071770334928264,0.7999999999999998
2006-06-01,0.008659275533511337,-0.49067998796818457,-0.33014352071624076,-1.0458386473275123,-0.38375620060747373,2.137215401015678,0.5,0.04999999999999982,5.787485267248793,0.0,0.9086366133256405,2.4640909090909062,0.8900000000000006
2006-07-01,0.507298940598844,-2.6415724719285807,5.312691814020008,2.262401130979123,-5.846419545499982,3.2931944754662807,1.0999999999999943,0.25,5.5357667050506265,0.10000000000000053,0.1270913904363482,-1.5926363636363625,0.91
2006-08-01,2.1051056620195077,6.78474983152997,2.813603024706005,1.1720672063489908,1.1225581359092958,-5.214623181198733,0.9000000000000057,0.009999999999999787,5.459883554951306,0.0,-0.8477829808774118,-1.9742608695652173,0.91
2006-09-01,2.4269399114309693,3.751305587482307,1.1820092225483743,3.3782049722134078,3.3239838657587817,-4.069471755924272,-1.0,0.0,5.454336542271032,-0.20000000000000018,0.5592823857846412,-1.1672391304347833,0.92
2006-10-01,3.1021812670560824,3.8783591372193067,0.3308789720070964,2.3127344665695206,2.7804176220433066,4.177194162254602,-0.9000000000000057,0.0,5.368846048889675,-0.09999999999999964,0.7382261102849839,-0.8781363636363633,0.91
2006-11-01,1.6332551131230073,2.8025097762658215,-0.12019507755498401,0.7031386382735162,2.4208680233809186,8.229001952807112,0.09999999999999432,0.0,5.107273073337604,0.09999999999999964,-1.4981803894042969,-0.4887445887445878,0.8700000000000001
2006-12-01,1.2536866857911233,-1.111598556250113,0.6891513624805808,2.9275746712943613,-0.313705132953468,-3.1562083701542383,1.0999999999999943,-0.009999999999999787,4.777481376135095,-0.09999999999999964,-1.4890451257879107,0.14688095238095045,0.8999999999999995
2007-01-01,1.3961131307325756,2.0004894226501424,3.000215154823794,0.9211698482799066,2.063686967046088,-0.9252994562828517,0.3370000000000175,0.009999999999999787,4.533302056891753,0.1999999999999993,1.4249753861200247,0.07800000000000118,0.9399999999999996
2007-02-01,-2.208833705337683,-2.734042118236653,-2.345458638575258,-3.0948676574939262,-1.1255085485276786,-2.0698166682053514,0.7889999999999873,0.009999999999999787,4.483369261430203,-0.09999999999999964,-0.3741599443861219,0.11276315789473479,0.8900000000000006
2007-03-01,0.9930511784698803,0.9911718421050619,-0.17814006507245495,-0.8941083047678908,0.5924663578963274,5.7704985558607715,1.0620000000000118,0.0,4.574714765808685,-0.09999999999999964,-0.9222252220628349,4.007464114832537,0.9699999999999998
2007-04-01,4.237984325323969,4.609112341094736,7.055675075560959,3.8000120325871736,4.536864700000141,4.999019297246117,0.6159999999999854,-0.009999999999999787,4.716338273291076,0.09999999999999964,-1.334091013128102,-2.2297272727272706,0.92
2007-05-01,3.203072385189615,4.914108493786549,1.7023995176709488,2.3762985559524497,5.058068173067653,7.491926477820337,0.8509999999999991,0.0,4.835363939727921,-0.09999999999999964,-0.03999970176003842,0.3647272727272721,0.92
2007-06-01,-1.7976943869676052,-0.19511903579865145,-3.9427598535934174,-4.64446240049201,-0.2302678523003012,1.0051724335257703,0.4790000000000134,0.0,4.926953200338446,0.1999999999999993,0.3561902397122765,1.6498917748917723,0.91
2007-07-01,-3.250447118036484,-0.19550795976089477,-4.8747691319741095,-9.503385083696243,0.9432802339206702,0.014496900359199373,0.3689999999999998,0.009999999999999787,5.003025193313881,0.10000000000000053,-1.6876191638764908,2.3257142857142874,0.92
2007-08-01,1.2781539018930577,1.899656570979906,2.263805122333293,2.55077933800518,0.025366793957656678,1.1957238482289274,0.06399999999999295,-0.2400000000000002,5.058746966369676,-0.10000000000000053,0.15621161608963519,7.752753623188408,0.8600000000000003
2007-09-01,3.516829026279035,3.5091259193166677,2.7241740441392857,1.674783236835746,4.124817435857297,6.875418269978324,0.8799999999999955,-0.07999999999999918,5.023461784018424,0.10000000000000053,-1.6326774579709422,-2.8271395881006853,0.8499999999999996
2007-10-01,1.4713560940170525,5.166402004309285,1.8498281871962958,-1.7340594838283498,-1.298566788661673,2.508374280564025,0.6430000000000007,-0.1800000000000006,4.811390100544477,0.0,-1.4542793954809952,-3.083295194508011,0.8200000000000003
2007-11-01,-4.504278263090341,-7.834225414448995,1.269340724236766,-8.440049524654782,-2.876990671486032,-4.302449233779891,1.6440000000000055,-0.2699999999999996,4.3820524709526465,0.0,-2.178778354178803,6.466728778467907,0.96
2007-12-01,-0.8665949670829879,1.5117431436448165,-3.2323789459315506,-6.9108041094966755,-0.6110041265993058,7.699125149551671,0.61099999999999,-0.25,3.8704496753036777,0.2999999999999998,1.0949529193696605,-3.9313809523809518,1.16
2008-01-01,-6.311386420630851,-13.685917699372066,-4.666838883523612,0.7232692167661883,-5.673790112156086,-13.110388232586375,0.7290000000000134,-0.30000000000000027,3.453144706492872,0.0,-0.8597143445696247,4.165190476190471,1.21
2008-02-01,-3.537973959244805,-4.846765276433043,-2.7069367867720073,-12.057521689900604,-2.047853134354068,8.862651341678278,0.5130000000000052,-0.96,3.2564840508077175,-0.09999999999999964,-0.23378579275947686,-0.3601904761904713,1.29
2008-03-01,-0.5977452826418692,1.1223462562060664,-5.097239590283059,-3.7874351485438726,3.123136391870278,-2.6515516313390552,0.7609999999999957,-0.3700000000000001,3.215483712895706,0.1999999999999993,-3.2169998168945426,1.6475000000000044,1.38
2008-04-01,4.645095190758541,6.0624606790053335,0.9896312780871686,6.762480897372044,2.8987496074351937,9.879026725714448,0.4939999999999998,-0.33000000000000007,3.2191109590960387,-0.09999999999999964,-0.3366818514737133,-5.540772727272731,1.42
2008-05-01,1.0617614807393634,6.309319646415874,1.8880431068287098,-7.205757577185618,0.8792406058013159,5.068148647614494,1.2659999999999911,-0.2999999999999998,3.153920937967758,0.40000000000000036,0.795562248725389,-3.259393939393938,1.3599999999999994
2008-06-01,-8.988355391782212,-10.12052552802214,-4.788664207005734,-20.058098147896146,-13.279609768480388,2.842927946054332,2.2549999999999955,0.020000000000000018,2.8910244508606464,0.1999999999999993,0.2671428862072247,3.807142857142857,1.3900000000000006
2008-07-01,-0.9908296633774069,-2.4747151677511696,4.382600669669333,6.543266731297873,0.790750845285468,-17.33206133658799,1.5529999999999973,0.009999999999999787,2.299363565947732,0.20000000000000018,-0.6422512830593945,2.2113419913419925,1.4900000000000002
2008-08-01,1.2116759351493935,1.7738807269384982,2.0446803815214154,-0.9756080229776809,2.7052079607630493,0.3354582077468961,-0.3259999999999934,-0.009999999999999787,1.3255703187712964,0.2999999999999998,3.5241555218056675,-3.626103896103899,1.510000000000001
2008-09-01,-9.518076507694332,-13.63611190461417,-8.175637292571071,-7.410804804079977,-13.40994725186657,-16.492522732826558,0.18700000000001182,-0.18999999999999995,0.2137300053580038,0.0,2.202857244582404,9.542857142857144,1.6599999999999993
2008-10-01,-18.56364738868827,-17.579383283545983,-12.195140546359577,-24.74433839119937,-20.14646244727971,-20.82471149498954,-1.882000000000005,-0.8400000000000001,-0.7261201416943086,0.40000000000000036,4.847454315880569,30.938819875776392,2.6000000000000005
2008-11-01,-7.7798357313305395,-8.78306904619373,-6.524053314781334,-20.432623531255757,-8.578459003896874,-2.203084270353766,-3.842000000000013,-0.58,-1.2793714298241277,0.2999999999999998,3.3203661676402447,1.4915560640732295,3.0900000000000007
2008-12-01,0.77911466734982,1.0437136376728855,6.335902197119096,-1.1120035934571657,1.332491073021083,-5.120952245941093,-1.7549999999999955,-0.23,-1.586708945365789,0.5,-3.327105727492338,-10.26394736842105,3.38
2009-01-01,-8.954987959881684,-4.853059545523922,-1.2125942525128728,-30.37854487624214,-12.781393691050416,-1.795385222429256,0.5349999999999966,-0.010000000000000009,-1.8742412388286112,0.5,1.017499576915398,-7.722000000000001,3.0900000000000007
2009-02-01,-11.645651319919006,-3.8893820014695164,-13.22795239263501,-19.539376708642738,-18.669793869992265,-13.170617654865605,0.7720000000000198,0.07,-2.3067317319557024,0.5000000000000009,2.4301325145520707,0.8875263157894722,2.8100000000000005
2009-03-01,8.195269356125575,10.095991312476162,5.214148063336512,14.773926585817145,7.490130242358921,3.1824626501414324,-0.21000000000000796,-0.04000000000000001,-2.8112790219254613,0.3999999999999986,-0.09444973229221887,-0.7750717703349252,2.92
2009-04-01,8.977221824359974,9.926000639239215,-0.12398753262378309,19.715612662962467,16.609364426583433,7.528485314687369,0.21399999999999864,-0.03,-3.2589448691319634,0.3000000000000007,-1.206753371597884,-6.731645021645022,3.000000000000001
2009-05-01,5.172057715517407,2.292361828892102,6.60107463464074,13.084835065213396,3.299732328796644,12.122357751958063,0.3129999999999882,0.03,-3.5251545274382234,0.40000000000000036,-3.0904288155691972,-6.085809523809523,2.5200000000000005
2009-06-01,0.01958080939536079,3.1235081697149356,1.8412470599491995,-2.3160640636489034,-2.3848180843526556,-7.282874584118149,1.7680000000000007,0.03,-3.487505330760754,0.09999999999999964,-2.0678184509277315,-2.837545454545456,1.8899999999999997
2009-07-01,7.152194934301422,7.864783100839384,5.760179685273947,8.498694361917627,8.381867842997512,5.210461447805211,-0.06399999999999295,-0.04999999999999999,-3.021122425741485,0.0,-0.6040909507057819,-2.977727272727275,1.6799999999999995
2009-08-01,3.300933634285532,1.6113122280559253,2.655493184533827,12.21292891638519,4.663426995405139,1.0806653016924592,0.7189999999999941,0.0,-2.0666716492649284,0.09999999999999964,-1.0405193180232857,-0.8255844155844159,1.3200000000000005
2009-09-01,3.5100067367746317,4.158096454914534,0.1745479104762002,1.619460798225269,5.141317877347026,5.234804561207575,0.4159999999999968,-0.010000000000000009,-0.8557178952301459,0.20000000000000107,-1.4409521193731507,-0.4104761904761851,1.1799999999999995
2009-10-01,-1.9959880197119548,-1.2536336784830053,-2.114990305454986,-6.141975657600171,-4.067960522511185,2.436690775254054,0.6479999999999961,-0.03,0.2946288624430249,0.1999999999999993,-0.9958009430856407,-0.6743939393939442,1.1399999999999997
2009-11-01,5.577907658673722,5.3837333017985385,8.890960694427886,4.2500297771931494,8.414048637340017,2.8020030657257746,0.7250000000000227,0.0,1.1349419801040206,-0.09999999999999964,-0.6748183857310863,-0.46327272727272373,1.13
2009-12-01,1.7614520350300045,5.283235264413774,1.2631727136640425,-1.789439644986213,1.0126693442467014,0.3338290546749347,0.11299999999999955,0.0,1.74942706781116,0.0,1.452999981966883,-2.549454545454548,1.1100000000000003
2010-01-01,-3.76751237121947,-8.983029440573013,0.6736224045937717,-1.539578206720172,-1.4863487489927623,-4.502595993267099,0.14099999999999113,-0.009999999999999995,2.3124542041793372,-0.09999999999999964,1.0505265048816455,-0.5963875598086084,0.9900000000000002
2010-02-01,2.811473974184046,3.4235533687978714,0.3828943136797404,3.4653572014644523,5.195052849861754,2.9647858392582807,-0.20699999999999363,0.020000000000000004,2.9535735357167026,0.0,2.315263045461549,1.896842105263154,0.9900000000000002
2010-03-01,5.71328154163926,6.298128458050913,2.2982325605825404,8.297283883506603,7.993599993733145,2.4284161309349175,0.07200000000000273,0.03,3.6087523070362337,0.09999999999999964,0.5155150284756331,-4.772608695652174,1.0
2010-04-01,1.465137300691843,1.247592045994705,-3.9681508391988043,1.3080169297253987,4.169229227337724,4.071071217775107,0.04999999999998295,0.04000000000000001,4.16485064287937,0.0,0.5615530231230963,-0.34310559006210894,0.96
2010-05-01,-8.553157288349063,-7.776512872804105,-6.73056752350906,-9.605300813232006,-9.56172357007939,-12.160858287040611,-0.11299999999999955,0.0,4.534152420198234,-0.3000000000000007,4.12864307221912,14.505214285714285,1.09
2010-06-01,-5.538844940550374,-5.9008543622820655,-2.3481017745579003,-6.109303619227263,-7.613705814237267,-6.5632406910422425,-0.09099999999997976,-0.020000000000000018,4.730680601179227,-0.1999999999999993,1.213499866832393,-2.01313636363637,1.3500000000000003
2010-07-01,6.651579901085699,7.186458340970391,1.303520056233705,6.313444791383283,9.91803391894121,8.041424440251841,0.4059999999999775,0.0,4.794315574035424,0.0,-3.504524792427631,-4.351125541125533,1.29
2010-08-01,-4.861182288741885,-5.774894799057205,-1.6587615645860132,-8.140312573870848,-7.185033119359227,-5.027714122394817,0.31800000000001205,0.010000000000000009,4.761797662985101,0.09999999999999964,-0.9213844233261028,-0.8193290043290062,1.17
2010-09-01,8.392847418803404,10.671290560940706,8.162916357824454,5.662561197089913,10.40116135577403,9.0683023286826,0.35200000000000387,0.0,4.6552492240723,0.0,-1.065758230366228,-2.2282900432900448,1.13
2010-10-01,3.619305175049079,5.616844201549346,2.2057342733538263,1.452804077869892,2.836621341894342,5.517444749948395,0.7599999999999909,0.0,4.492620390247959,-0.09999999999999964,-3.62333352225167,-2.144285714285715,1.04
2010-11-01,-0.22928763797244472,-1.656350948227316,-2.929895807060591,-0.6891759125040812,1.3273857470290706,5.692389222261264,0.5550000000000068,0.0,4.295916747746076,0.40000000000000036,0.9157151721772578,-0.2776190476190443,1.0499999999999998
2010-12-01,6.3256487508998065,5.047875585326085,3.983040767527541,9.80726592276573,6.700782153828085,8.46565241095234,0.882000000000005,-0.010000000000000009,4.107322218976495,-0.5,1.6733767191569058,-2.5261688311688353,1.08
2011-01-01,2.2392969812412193,3.1264728281169747,0.5698030747711476,2.782245174320731,3.8536697433878775,6.933471426065256,0.7150000000000034,-0.009999999999999981,3.9746258113150246,-0.20000000000000107,-0.9030910491943303,-0.2540454545454516,1.0499999999999998
2011-02-01,3.145657676282469,2.169446465377769,3.077159298670282,2.7069270988709975,2.102457355626686,7.109591248097081,0.7109999999999843,-0.010000000000000009,3.9258228193534306,-0.09999999999999964,-1.3633685664126745,0.1144999999999996,0.9300000000000006
2011-03-01,-0.10478617545838824,-1.9004753297328176,1.3378200427207965,-2.7679207123291283,1.7675872049825494,1.5288680858261638,1.1479999999999961,-0.01999999999999999,3.9092042175426167,0.0,-1.493065683465261,3.29347826086957,0.9000000000000004
2011-04-01,2.8096938770245248,2.575901191095319,6.234647870435913,-0.06103083837293033,2.697564665375489,0.9112006397875689,1.046999999999997,-0.04000000000000001,3.854062494388444,0.09999999999999964,-1.565066146850583,-4.47947826086957,0.8599999999999994
2011-05-01,-1.3592919455284003,-1.0526439027886638,2.4388003494360775,-3.352273031754169,-2.8037986759915534,-4.277576630262448,0.7130000000000223,-0.010000000000000009,3.7122957461956707,-0.09999999999999964,0.21692851838611205,0.6674285714285695,0.8200000000000003
2011-06-01,-1.8426185911932575,-2.9143102498846507,-1.619247651596397,-3.142290834558144,-1.0418135509541804,-2.308907693825058,0.0,0.0,3.521976338320898,0.09999999999999964,-0.24779229762749821,2.241753246753248,0.7599999999999998
2011-07-01,-2.170835585666382,0.4270971451100964,-4.049368435715469,-3.648824959700218,-7.122033676837236,1.4492987634766312,0.5889999999999986,-0.01999999999999999,3.3422674356823556,-0.09999999999999964,0.06336347406559639,0.07431818181818173,0.8300000000000001
2011-08-01,-5.8467502271956855,-5.454083688345575,-2.1327745651160095,-10.08661434995953,-6.800469081879348,-10.77614461690825,0.7109999999999843,0.03,3.233102585332537,0.0,-0.5204777427341583,15.80163043478261,0.9900000000000002
2011-09-01,-7.44671007197857,-3.4974427959643286,-5.129335449938802,-12.481442203911858,-10.330508706991926,-15.967779517433064,0.49100000000001387,-0.020000000000000004,3.257853477037864,0.0,2.7539544905194617,1.5008695652173927,1.1799999999999995
2011-10-01,10.230659176938868,9.723436006478746,5.607233135121299,13.374305317337951,13.43010855546661,17.514611525162763,0.1529999999999916,-0.009999999999999995,3.480099969469874,-0.1999999999999993,0.1638089134579559,-3.700952380952387,1.39
2011-11-01,-0.5071553722512535,-1.5107759034772243,0.9489978790800917,-5.246359478904346,1.3965499231118883,1.6503485212442666,0.41900000000001114,0.009999999999999995,3.916052689051086,-0.20000000000000107,0.7371437436058415,-0.8871428571428552,1.2699999999999996
2011-12-01,0.8496565407114517,-0.6657556251044829,2.3626520083862315,1.4723280184806744,-0.4139550290637447,-2.4858501350886995,0.054000000000002046,-0.009999999999999995,4.389239046663573,-0.09999999999999964,1.719999040876118,-6.8942857142857115,1.3199999999999998
2012-01-01,4.266004446780736,6.0231612716939384,3.1496450701357377,7.838446160925207,7.063106883918853,2.231540449316894,0.6189999999999998,0.009999999999999995,4.6728947002263155,-0.1999999999999993,0.6565723782493933,-4.819619047619046,1.3800000000000003
2012-02-01,3.9787344672044562,6.862284468125308,1.0558616306582835,4.8586950665939765,2.7503389431338667,5.7582640769894455,0.48699999999999477,0.020000000000000004,4.61617451896883,0.0,-1.33650093078613,-1.807500000000001,1.2899999999999996
2012-03-01,3.085147563299614,4.094630770777682,3.8763500308603627,6.808907656124121,0.5090396324361881,-4.269894084982406,0.4779999999999802,0.03,4.374295018423924,-0.10000000000000142,0.6053185896439999,-2.2532272727272726,1.2400000000000002
2012-04-01,-0.7525699544988768,-1.1337238977812603,-0.2662469364070152,-2.369619420324463,-1.1017170867074717,-0.7133426204660689,0.3800000000000239,0.010000000000000009,4.17531333201222,0.0,-0.13531775041060712,1.6557272727272725,1.2300000000000004
2012-05-01,-6.469930815862472,-6.547790821912616,-3.6930528532188576,-9.654232449046026,-6.531339416322962,-11.296935440402263,-0.47400000000001796,0.01999999999999999,4.176689214118778,0.0,1.523954599553889,3.1788181818181833,1.2700000000000005
2012-06-01,3.879271987369995,2.824046617436277,5.0172248028173865,4.398613084135615,2.843524115449077,4.216011450966983,-0.18899999999999295,0.0,4.272745532555211,0.0,1.295022229611618,0.12913419913419588,1.3799999999999994
2012-07-01,1.2518884940282722,1.8279546356424567,0.9947754271395803,0.13651746880687926,0.39172743220982,4.823753359290661,0.0660000000000025,0.0,4.29367804045071,0.0,0.8471418108258888,-3.565714285714286,1.4700000000000002
2012-08-01,1.9570609701871091,4.1177350079055675,1.165365423775756,3.3537751369456927,1.5242063735911748,2.6634202921058203,1.328000000000003,-0.03,4.123743815807934,-0.09999999999999964,-0.9076186154446475,-1.8756728778467906,1.4300000000000002
2012-09-01,2.3947118796254596,1.1089485930013532,3.242428911897098,2.796925964070279,0.46645212951102655,2.6215650564846817,1.09699999999998,0.010000000000000009,3.8597059027135394,-0.2999999999999998,-2.3457893528709093,-0.4048283752860389,1.3499999999999996
2012-10-01,-1.9987842358050205,-6.568521667915619,-0.22457939609479405,1.9689458266817477,-0.10955109443858582,-2.0500103415350677,0.6230000000000189,0.01999999999999999,3.6494795344527597,0.0,-0.1061159865300425,0.9914536340852109,1.11
2012-11-01,0.28426724604567316,0.8965519417171028,0.5232424993109747,-0.8844012709286229,1.7387000509545656,-1.2307915968266996,-0.38900000000001,0.0,3.5940904814957264,-0.09999999999999964,0.9771434238978713,0.4257142857142888,1.0099999999999998
2012-12-01,0.7043368100713409,-0.9658535984778742,-0.8986595626016662,3.9196291373581613,2.0525855393142427,0.5053360292548932,-0.027999999999991587,0.0,3.6184342397788782,0.20000000000000018,-0.9267385210309698,0.6050952380952346,0.98
2013-01-01,4.919779199874611,1.8884655192845756,7.32299235705672,5.864871257469266,5.5926350112568475,7.976264076367383,0.4579999999999984,-0.01999999999999999,3.605644601449809,0.09999999999999964,0.11483288719540496,-3.801761904761902,0.9300000000000006
2013-02-01,1.0999927126354463,0.7792671892225143,1.2505973822986673,1.2010456269472283,2.1962618892221943,0.43860230951695495,1.2580000000000098,0.009999999999999981,3.4786656963382123,-0.2999999999999998,0.7319303622520721,0.5673934837092709,0.9499999999999996
2013-03-01,3.5355294329704883,2.1369804894611812,5.594299613496204,3.464032557081831,1.9098782027384484,2.0637612924842417,-0.6550000000000011,-0.009999999999999981,3.3123002561362025,-0.20000000000000018,2.020236567447057,-1.0411315789473683,0.9199999999999996
2013-04-01,1.7924165836652506,1.7357527052454742,2.959051719975052,2.65526261563781,-0.7451003393648857,-1.3199848384547466,-0.48500000000001364,0.009999999999999981,3.2181668359853255,0.09999999999999964,-0.10049923983487474,0.9357727272727292,0.8599999999999999
2013-05-01,2.0550202383511564,2.7539384424519704,1.6345685792812135,5.917655141623626,4.896242753384158,2.8092839496919497,0.09600000000000364,-0.039999999999999994,3.2851953937431677,-0.09999999999999964,0.6886357394131721,-0.4736363636363645,0.8400000000000003
2013-06-01,-1.5112928770280076,-3.438088648231207,-1.0447232371700472,-1.985301828462007,-2.0657561977876857,-2.7709542452565503,0.5519999999999925,-0.020000000000000004,3.5147272357838544,0.0,-1.363136499578303,3.7778636363636355,0.9200000000000008
2013-07-01,4.827772805178804,3.6589428017288332,6.917488565965921,5.208991460354605,5.741897035910488,5.12804617225737,0.4550000000000125,0.0,3.886733088877925,-0.20000000000000018,0.9390465476296157,-3.2969545454545433,0.9800000000000004
2013-08-01,-3.179826803794541,-1.0454710402772722,-3.5917651922038147,-5.260418063688084,-2.511340325961291,-1.0366560123311594,0.5559999999999832,-0.009999999999999995,4.346101959643089,-0.09999999999999964,-1.3077285073020164,0.23545454545454447,0.8799999999999999
2013-09-01,2.931559136642498,2.017727000917919,2.745386155614476,2.3889266419053916,5.241661732224087,1.629418272660664,0.08800000000002228,0.0,4.694673152859341,0.0,-0.3223187880082605,0.4820000000000011,0.8300000000000001
2013-10-01,4.362997111283392,4.902795066165052,4.218892477225995,3.261161775093966,4.651999695407696,4.111619500789991,0.125,0.009999999999999995,4.6990274730504655,0.0,-1.2929772252621774,0.7158260869565201,0.7799999999999994
2013-11-01,2.766328977323541,3.0438319957819107,4.61064330290063,4.328859217369885,3.5956258433359576,0.05786385769047519,0.4309999999999832,-0.009999999999999995,4.238990159774203,-0.2999999999999998,0.9774784917416781,-2.4838260869565225,0.75
2013-12-01,2.32894744820535,2.9819135300398645,0.32520409896079033,1.7536151402939393,3.624002262214885,2.3665004233629725,0.6189999999999998,0.009999999999999995,3.63329984967089,-0.20000000000000018,-0.5373341878255218,1.2683809523809533,0.7599999999999998
2014-01-01,-3.6231407776019298,-2.607863111887667,0.9335803326005719,-3.728294329985029,-4.360842687415589,-5.9707124604142905,0.5690000000000168,-0.01999999999999999,3.3009536352572866,-0.10000000000000053,0.5028581165131953,0.048571428571428044,0.7000000000000002
2014-02-01,4.221337507227561,4.300223642645501,6.033024386879249,2.9936792373449514,3.97741248447338,4.994318926390315,0.25899999999998613,0.0,3.5293509031785852,0.10000000000000053,-0.3521556232806091,1.2290476190476198,0.6499999999999995
2014-03-01,0.6908248426944213,0.0,-1.611154915410464,2.9066464319167444,0.5172929429226291,1.5958643704489854,0.48099999999999454,0.009999999999999995,4.112214592746821,0.0,-0.5868916905912158,-0.6333333333333346,0.6799999999999997
2014-04-01,0.6181643365584686,0.27473173836743997,-0.6346007827254493,-1.7156116600411917,1.3287912755282987,5.1214697225164825,0.4399999999999977,0.009999999999999995,4.721356792675957,-0.5,-0.01714324951171875,-0.6385714285714261,0.6600000000000001
2014-05-01,2.081219601335824,3.689657577535695,2.8328617880870244,1.4915492046795285,1.9051761839845127,1.6609741628437604,0.45000000000001705,0.0,5.086610785972967,0.09999999999999964,0.09571366083054045,-1.7228571428571442,0.5999999999999996
2014-06-01,1.8878996713560545,1.3916432863879438,1.724468022859671,1.998735565501902,0.01850362816120999,4.903495974352111,0.3129999999999882,0.010000000000000009,5.175281828480216,-0.20000000000000018,0.4933348156156967,-0.9338095238095239,0.5499999999999998
2014-07-01,-1.5194687637991529,1.6807158104619393,0.13142439094643682,-1.461816236029101,-4.2125398721690255,-3.528044749011144,0.2669999999999959,-0.010000000000000009,5.015914390594034,0.10000000000000053,0.10534428518056416,0.754935064935065,0.5700000000000003
2014-08-01,3.6963644407989245,3.229339141527485,4.729583450103011,4.151787593298694,4.13851893087357,2.1600887608294395,-0.03799999999998249,0.0,4.669745945797743,-0.10000000000000053,1.3160831236736072,1.1955411255411228,0.6100000000000003
2014-09-01,-1.563543610528987,-0.9478675406525127,0.078264443036066,-0.8166840902067207,-1.6236223341563125,-8.58151416480362,0.016999999999995907,0.0,4.3230383521944304,-0.1999999999999993,2.595238458542596,-0.025238095238091063,0.6899999999999995
2014-10-01,2.2936398829564384,1.5912801468766442,5.1238480860478655,2.8506525813763077,3.802594621644399,-3.5950901058097124,-0.046999999999997044,0.0,4.188338786735879,-0.20000000000000018,1.2113867497098596,4.592028985507245,0.7700000000000005
2014-11-01,2.4237473563306713,4.6979630022187875,3.4193921813608377,2.321825877969777,3.032699022050152,-9.094997269239066,-0.44700000000000273,0.0,4.397302672665693,0.09999999999999964,2.05798615689136,-4.645537757437074,0.8700000000000001
2014-12-01,-0.4197384221126008,-2.7196409061196416,-1.7827899904032514,1.3433914486500795,-0.581547169817291,-0.8302928800804737,-0.7309999999999945,0.03,4.767131214151088,-0.20000000000000018,1.4283964896316093,2.8791148325358886,0.9500000000000002
2015-01-01,-3.1532779266425477,-3.569602242975798,1.293151952823143,-7.208816787206758,-3.617132262987773,-4.667643788385323,-1.5049999999999955,-0.009999999999999995,5.034330677673982,0.10000000000000053,3.8201830777255026,2.8272272727272707,0.9900000000000002
2015-02-01,5.343887632562722,7.691459303049431,4.19820159644996,5.6602990571801115,5.212677322523573,4.490621338853837,0.5949999999999989,0.0,4.999348778234269,-0.20000000000000018,1.4808929443359489,-3.2152894736842086,0.8999999999999999
2015-03-01,-1.7549197433963104,-3.904439035692541,0.3592682323196103,-0.9905157775450208,-3.0374950221478225,-1.8391256887198952,0.6339999999999861,0.0,4.726636481008617,-0.09999999999999964,3.42028912630947,-1.0914832535885175,0.8999999999999999
2015-04-01,0.8484722544635537,2.713813765606087,-1.0956366733226182,0.08291793721869244,-0.2513455321977846,6.366805289064533,0.24600000000000932,0.009999999999999995,4.34555271487731,0.0,-0.2862777214545531,-1.3179653679653693,0.9600000000000004
2015-05-01,1.043672967533685,1.8383230751274522,4.40576308162838,1.9290568285241572,0.3230446119334803,-5.328137809007345,0.7789999999999964,0.0,3.9648897412601247,0.1999999999999993,-2.399903815133257,-0.15626190476190338,0.9099999999999996
2015-06-01,-2.1235558871758675,-4.648701553105406,-0.7366309945189466,-0.8983327341349436,-3.185852315549159,-4.20771371450977,0.6560000000000059,0.010000000000000009,3.626463609113273,-0.2999999999999998,-0.022000711614424517,1.0010454545454568,0.9399999999999996
2015-07-01,1.9549682990019603,2.810378477977954,2.914495610854538,3.3477576309188386,0.2955300333018703,-8.002062131535906,0.37699999999998113,0.0,3.355371544332053,-0.09999999999999964,1.7922727411443589,0.013181818181815075,1.0499999999999998
2015-08-01,-6.462473099312395,-5.6771727884993695,-8.299564662669884,-7.3223454295908805,-5.5554047333215975,-4.344983568298939,-0.0010000000000047748,0.010000000000000009,3.166217601738297,-0.10000000000000053,-0.5841779997854815,5.075367965367967,1.1500000000000004
2015-09-01,-2.6798730963462862,-1.8312302675956076,-6.233724229745979,-3.3415977461377304,-2.7675249612193324,-8.200156428648375,-0.5349999999999966,0.0,3.0329376161686294,-0.09999999999999964,-0.6199998401459936,4.949047619047619,1.2699999999999996
2015-10-01,7.9719379543398725,9.990264533566853,7.432354541467583,6.078037551220962,8.415102687124376,10.58015644287577,0.23500000000001364,-0.020000000000000018,2.920141207505833,0.0,-0.04400428342611917,-7.587597402597403,1.3899999999999997
2015-11-01,0.050474170680518696,0.7076791466302867,-0.32291461189302106,1.973748347354003,0.8623137764817016,-0.014703618647596901,0.2839999999999918,0.0,2.8005476556178355,0.09999999999999964,3.3189096970991585,-0.5795454545454533,1.4000000000000004
2015-12-01,-1.7685658390257228,-2.6041274330083546,1.2854699475493168,-3.0173809039112527,-3.2114190938557297,-12.013801158647262,-0.2560000000000002,0.12,2.677030513900336,-0.09999999999999964,-0.6989100716330796,1.8154545454545463,1.4899999999999998
2016-01-01,-5.206761730549679,-3.783013453023501,-8.033194553590954,-9.271182135761569,-5.865752433497394,-3.5606573084784383,-0.10900000000000887,0.10000000000000003,2.5598763120982637,-0.20000000000000018,0.6889098427512295,5.692440191387558,1.4500000000000002
2016-02-01,-0.41369055149924305,-0.6568578494901839,-0.36171532353291075,-2.943443260849872,4.1725712761729365,-2.8401547319990508,-0.3159999999999741,0.03999999999999998,2.4598285202485304,0.10000000000000053,-1.9275001525878679,-1.2008947368421055,1.38
2016-03-01,6.390499028682897,7.949805488739135,2.313356498623763,6.471622253859205,6.229362431043021,8.970300765374772,0.7439999999999998,-0.020000000000000018,2.3897714244344614,0.09999999999999964,-0.8359551169655646,-6.66790909090909,1.31
2016-04-01,0.26957614511553935,-5.157807489745163,2.9223597978255578,3.536720951128889,1.23624009268456,8.676899198909089,0.9119999999999777,0.010000000000000009,2.362817853865229,0.09999999999999964,-1.855735745780919,-1.5486147186147168,1.17
2016-05-01,1.5208366810523843,4.773838672191787,2.210657638963885,1.8700094143061359,-0.42826918191631286,-0.9377120739141339,0.5649999999999977,0.0,2.391814162822925,-0.2999999999999998,0.11809539794921875,0.5523809523809469,1.0299999999999998
2016-06-01,0.09105066031534965,-1.8730554846384133,0.5032872590386887,-3.819390191063956,0.16081510730986331,2.028039473941364,0.6650000000000205,0.010000000000000009,2.4893948574249203,0.10000000000000053,0.1503673569980606,2.9216883116883174,1.0300000000000002
2016-07-01,3.4990432691054076,6.86085484655081,4.752099524650452,3.3974428472654368,3.560222753559214,-1.2682674662921283,-0.12100000000000932,0.010000000000000009,2.6683131153736106,-0.10000000000000053,1.9002285350452723,-4.616045454545457,0.94
2016-08-01,-0.12199867803522135,1.155836714957442,-3.2984807364029445,3.7756010250269707,0.9431592370967988,1.663155398026641,0.4439999999999884,0.010000000000000009,2.9313999085637477,0.10000000000000053,-1.192500371518335,-0.7589347826086961,0.9200000000000004
2016-09-01,-0.12352137017536324,1.6672267514868266,-0.8973643617036293,-3.318722346052464,-0.35906524391519257,3.0192034976135886,0.6310000000000002,0.0,3.240953393478585,0.09999999999999964,0.08523733324639693,1.8199585921325063,0.8999999999999995
2016-10-01,-1.9616837043472766,-0.756307432554569,-6.8141360397731905,2.254196603021347,-2.024469144436646,-2.8587708715964952,0.5650000000000261,0.0,3.5488860212972817,-0.09999999999999964,2.273761603945786,0.36571428571428477,0.8700000000000001
2016-11-01,3.3603545044434315,0.16856690168899116,2.042535755157069,13.131264267613682,8.699682422351259,8.127501301571872,0.2849999999999966,0.009999999999999953,3.8101724568082362,-0.20000000000000018,1.9665012359618999,0.650952380952381,0.8500000000000001
2016-12-01,1.803711129927909,1.794332732699647,0.27598599555315595,3.2345466946717485,-0.3049005412390186,1.1886609265237544,0.61099999999999,0.13000000000000006,3.993373771960851,0.0,2.3078321366082974,-2.763809523809522,0.7700000000000005
2017-01-01,1.7726314621062853,3.4948724986844195,2.2659713424880903,0.2577298103205514,1.847186002669967,-3.2657039791492792,0.9809999999999945,0.10999999999999999,4.070785530747623,0.0,-0.8913328079949991,-0.8638809523809545,0.7400000000000002
2017-02-01,3.6523000738276954,4.4330144814470325,6.145843289933319,5.142204645374655,3.8382915100292987,-2.1070980362035967,0.38800000000000523,0.010000000000000009,4.0333606912455355,-0.10000000000000053,-0.43094645048444136,-0.07797368421052298,0.6899999999999995
2017-03-01,-0.038927289213133896,1.8172048426239775,-0.8436571765120274,-3.356442543314993,-1.2221402695879888,-2.095200851448048,-0.11400000000000432,0.13,3.9445392579876115,-0.1999999999999993,0.0680764414352808,0.36729977116704404,0.6699999999999999
2017-04-01,0.9050132478198201,1.9872502250870843,1.5214485193672838,-0.8463819236192234,1.9483094797026284,-2.9913733567138303,0.30100000000001614,0.10999999999999999,3.884953918141698,0.0,-0.7138669430800206,1.238489702517164,0.7000000000000002
2017-05-01,1.1509759110980617,3.8774990247283236,0.7652786049646138,-1.1971099887609877,1.7630822253308265,-3.6018207900037478,-0.18900000000002137,0.010000000000000009,3.9177723327374236,0.0,-1.7766262583755434,-2.274043062200958,0.6999999999999997
2017-06-01,0.48022260405038786,-3.254215347083432,4.069575256673335,5.928280160047982,0.8700253644407013,-0.7978015160439229,0.15900000000002024,0.13,4.040429105727195,-0.10000000000000053,-1.3199996948242188,-0.34863636363636274,0.69
2017-07-01,1.916401754710087,4.3625054769713625,0.8169485982692654,1.6881432826107563,0.2932078789167862,2.584915955151814,0.07999999999998408,0.10999999999999988,4.234220534251465,0.0,-2.0876360112970502,-0.2491363636363637,0.6899999999999995
2017-08-01,0.05462837796946754,2.879760960869059,1.7372338166913908,-1.5666091937784736,0.21934867252104148,-5.634643210700028,0.9399999999999977,0.010000000000000009,4.4771029889193015,0.10000000000000053,-1.6849143981933707,1.7111521739130442,0.6799999999999997
2017-09-01,1.911903935235539,0.457893859258815,0.539815358052882,4.589412242369169,3.643025731244798,8.388333896800564,1.2520000000000095,-0.010000000000000009,4.733418268602874,-0.10000000000000053,-0.8520858764648409,-1.5376521739130435,0.6699999999999999
2017-10-01,2.194556003184166,6.310987401666678,-0.7614906994255244,2.821383318276079,0.7437048013366214,-0.8358427802507149,0.1910000000000025,0.0,4.964587899899731,-0.09999999999999964,1.3955442948774817,-0.31254545454545735,0.7200000000000002
2017-11-01,2.769554104663445,1.4039182921589461,2.8681034879859997,3.400179957037673,4.081644818134008,1.7371355639819266,0.657999999999987,0.010000000000000009,5.144110837784233,0.0,0.2775992191199208,0.4150216450216462,0.6999999999999997
2017-12-01,0.9783614574871227,0.17215844233866792,-0.9509561982483941,1.407201238209309,1.5448383272513406,4.47160465911656,0.521000000000015,0.14000000000000012,5.291654994553463,-0.10000000000000053,-0.6091439565022796,-0.2759761904761895,0.71
2018-01-01,5.465739835832858,6.800196719560393,6.349477711766759,6.350789125482457,5.226421210963801,3.521533519720771,1.054000000000002,0.10999999999999988,5.438093526978416,-0.09999999999999964,-2.643238231113955,0.797880952380952,0.71
2018-02-01,-3.97261075980839,-0.40989486361360083,-4.599044471390755,-2.9689910591677906,-3.9396343393254476,-11.46816491648339,0.6699999999999875,0.010000000000000009,5.602895497777793,0.09999999999999964,-1.0142357044650367,11.402355889724312,0.69
2018-03-01,-2.725249736693992,-4.117656439355029,-3.310677915443928,-4.607480877765699,-3.127325973750851,0.9988987876273275,0.04800000000000182,0.09000000000000008,5.760984181333684,-0.09999999999999964,0.1456651042278594,-3.440927318295735,0.7699999999999996
2018-04-01,0.2715085811824473,0.061126096595779854,1.0509697017591766,-0.43620182172539235,-2.8259332735535505,9.070076151380402,0.6500000000000057,0.17999999999999994,5.876279532475603,0.0,0.41714150565010755,-0.7561904761904827,0.8199999999999998
2018-05-01,2.1378191183066173,6.562641598224279,0.18218444414460588,-0.9884775798374998,3.0276431819141916,2.9502228697486665,0.5649999999999977,0.010000000000000009,5.913207119423802,-0.20000000000000018,3.006213200556772,-4.14307359307359,0.8300000000000001
2018-06-01,0.4830749386570285,-0.6170648792771297,1.266063098077911,-2.194620895747865,-3.8479522288675962,-0.10528324497404698,0.2259999999999991,0.1200000000000001,5.837721631716897,0.20000000000000018,1.0775967882824915,-0.44645021645021643,0.8700000000000001
2018-07-01,3.5387950737524285,2.0657433110964867,6.348208264943691,4.988201590421659,7.125195463357478,1.541909896388004,0.19599999999999795,0.08999999999999986,5.617009845579002,-0.20000000000000018,0.2204764229910836,-0.5304761904761914,0.92
2018-08-01,2.9814314524382426,6.390380761449086,4.2381539323444395,1.3504084251691677,0.2337363862461345,-3.5369221345666246,0.4490000000000123,0.0,5.2428586519046805,0.0,0.8841203488178166,-0.600662525879919,0.8899999999999997
2018-09-01,0.4285093286333627,-0.3577776857189496,2.522352361208733,-2.683044155050301,1.6720686040726271,1.7312929697845765,0.518999999999977,0.040000000000000036,4.800477300199635,-0.09999999999999964,-0.7422648938351415,0.36356979405034373,0.8999999999999999
2018-10-01,-7.192934595429683,-8.343353591194841,-7.0194754868574325,-4.828264985440491,-11.504450085751294,-12.022850753139167,0.5900000000000034,0.24,4.395743533192031,0.09999999999999964,1.1131347376912828,6.441647597254006,0.9300000000000006
2018-11-01,1.7701752056117588,-1.9819951565588478,7.773328082778363,2.5916891947561793,3.7358700514166063,-1.5757856159620602,-0.17799999999999727,0.010000000000000231,4.110048689694201,0.0,0.9088194473930002,0.036873706004140416,1.0
2018-12-01,-9.626521985789902,-9.181325369324275,-10.27330968521961,-12.419956057662642,-11.88691890607348,-14.214721360890362,0.17300000000000182,0.06999999999999984,3.9376319386841496,0.10000000000000009,0.11436101009972788,5.564110275689224,1.1100000000000003
2019-01-01,7.574215198675599,6.70764291670597,4.696648257751714,8.5260648361078,10.81975572534648,10.62668254736871,-0.20599999999998886,0.1299999999999999,3.851956408309043,0.10000000000000009,-0.9381710425355436,-5.380776942355894,1.19
2019-02-01,2.9295553365402385,6.681793390981665,1.07504694714417,2.2112983102248864,6.173048467755366,2.278640376016897,0.7579999999999814,0.0,3.831310245875419,-0.20000000000000018,0.5208022038739415,-4.337644110275688,1.16
2019-03-01,1.7765510890228746,4.335898515335863,0.10904959999870398,-3.1019196910713873,-1.730898205793675,1.3245268289372958,0.9579999999999984,0.010000000000000231,3.8708239492588836,0.0,0.3244358913641605,-0.7494987468671663,1.0699999999999998
2019-04-01,3.856039741757082,6.1705107318536765,-2.751400380088222,8.603857157787267,3.894903369617727,-0.01512839143253691,0.9560000000000173,0.009999999999999787,3.9698240777668037,-0.09999999999999964,0.5757148379371131,-1.536190476190475,1.0100000000000002
2019-05-01,-6.804089408287398,-9.063303601700243,-2.243215559503994,-7.4437468985570865,-7.947668618263936,-11.768850216422088,0.06299999999998818,-0.029999999999999805,4.120118941597628,-0.10000000000000009,0.38324608740867916,3.772770562770562,0.96
2019-06-01,6.665830156302614,8.208436298072023,5.959967969750394,5.933469828414795,7.188475669693443,8.07099933445373,-0.08299999999999841,-0.010000000000000231,4.283702634952102,0.0,-0.9373172413218924,-0.8858181818181805,1.04
2019-07-01,1.3042724833705281,3.4384040406140617,-1.6324228097382185,2.3277671047978834,0.5153342136272004,-1.598006195119854,0.5889999999999986,0.020000000000000018,4.4158513524623855,0.10000000000000009,0.5614086497913746,-2.5300909090909105,0.9900000000000002
2019-08-01,-1.8257281743262237,-1.5471274272485456,-0.5942582931876348,-4.822394998182392,-2.682798655968545,-8.692440656002157,0.23400000000000887,-0.27,4.497391432094244,-0.10000000000000009,0.6386358087712978,5.673181818181819,0.8900000000000001
2019-09-01,1.7035250591071929,1.2495477029009034,-0.5201154112245922,3.9335002564577795,2.4383437962005776,2.9484501530503837,0.39400000000000546,-0.08999999999999986,4.608655756870683,-0.10000000000000009,0.5954545801336195,-3.420090909090911,0.8800000000000003
2019-10-01,2.0225842153317446,3.8250697774174585,4.998880186777869,2.4692639173627415,1.1272117382656697,-2.1168453120817015,0.7249999999999659,-0.20999999999999996,4.853984395254085,0.10000000000000009,-0.4269559943157759,-0.09247826086956401,0.91
2019-11-01,3.3480266071378155,5.227291852069345,4.8815271166921255,4.928776117196742,4.398091194387915,1.5918184935580744,0.7240000000000464,-0.28,5.172880047811135,0.0,-0.10804385309633346,-2.943021739130435,0.8799999999999999
2019-12-01,2.818875629854215,3.9041765055311575,2.354221231906482,2.0680240198105206,-0.6972075057685587,1.9339735421670077,0.7509999999999764,0.0,4.8530141850231745,0.0,-0.6883329300653429,1.2331666666666656,0.8700000000000001
2020-01-01,-0.16294196024425806,3.914942371375727,-2.7066341012555206,-2.7002022628208318,-0.44286036987794375,-11.645151848330542,0.4970000000000141,0.0,3.029794046874712,0.0,0.059523446219316156,0.18428571428571416,0.8300000000000001
2020-02-01,-8.785953690838776,-7.581199910263277,-6.813585266323116,-11.932791709722313,-10.42515090419501,-16.5914931970857,0.12299999999999045,0.030000000000000027,-0.6552008611961591,-0.10000000000000009,1.4069682338781462,5.687994987468672,0.8300000000000001
2020-03-01,-13.36677246703745,-9.48915702115466,-4.4491014606485875,-24.462116246446843,-21.384786393998027,-44.32819317953423,-1.1739999999999782,-0.93,-4.59642890524764,0.9000000000000004,-0.00815804951498933,38.107870813397135,1.27
2020-04-01,11.942083876017671,12.871391532933949,11.856044890774504,9.04078349009154,8.445205492231917,26.82235199620061,-2.0440000000000396,-0.6,-6.727970704466935,10.4,1.0778565840287655,-16.28300865800866,1.6999999999999995
2020-05-01,4.428653294909693,6.930640008833381,3.2359523559695598,2.684139155483525,5.248397563791791,1.9802583992081884,-0.22999999999998977,0.0,-5.693475035070527,-1.6000000000000014,-0.3598567962646655,-10.556809523809527,1.4500000000000002
2020-06-01,1.8221374356719156,6.443003078514672,-2.8956153580948567,-1.1600579595696552,1.5106231621246247,-2.375780414885227,1.2399999999999807,0.03,-2.8195621515814007,-2.1999999999999993,-2.465272279219178,0.2225454545454575,1.2000000000000002
2020-07-01,5.363680163450586,5.5290486220895785,5.312532306290071,3.774038293383022,4.315996213112657,-4.927904868980045,1.3100000000000023,0.009999999999999995,-0.058635629843306614,-0.8000000000000007,-1.5736368352716568,-4.279090909090911,1.17
2020-08-01,6.771908300435733,11.226411831264619,2.554049998559733,4.196984983387563,8.13608093144101,-1.0602701217858441,0.9639999999999986,0.010000000000000009,1.1319462786550272,-1.799999999999999,-2.469805416090665,-3.9509307359307364,1.02
2020-09-01,-4.001811998317809,-5.703944399315076,-2.601436779084513,-4.030668904046167,-1.0724234788862121,-17.42198396267268,0.68100000000004,-0.010000000000000009,1.116623649557913,-0.6000000000000005,0.3928571428571388,4.75809523809524,1.0499999999999998
2020-10-01,-2.8055692285554126,-5.133836364479212,-3.688744526852853,-0.876279686599796,-1.4524305912322868,-4.193562976347614,0.32200000000000273,0.0,0.7018715038473289,-0.8999999999999995,-0.030779471129051217,1.7910173160173137,1.09
2020-11-01,10.214642790660017,10.7811077322744,7.647996412267489,15.570611354038993,14.865626605477257,24.68165315555905,0.5919999999999845,0.0,0.6565925673614137,-0.20000000000000018,-0.7868622866543831,-4.443136363636363,1.0
2020-12-01,3.644904784059159,5.160909081634158,3.3160172140840563,5.5802496002501405,0.5889747086594468,3.0540900521693017,1.1340000000000146,0.0,1.624256634829857,0.0,-2.106773896650836,-2.62140909090909,0.9000000000000004
2021-01-01,-1.11991376508885,-0.8418753021321677,1.3918868990496145,-1.814182142049743,-4.362573167268733,3.6782135168591563,0.6419999999999959,0.0,4.273113098206172,-0.2999999999999998,-0.2864116686953224,2.5359090909090902,0.79
2021-02-01,2.5756876672536637,1.3558560674810791,-2.1262426166895594,10.980659196729835,6.662292195017522,20.25878824166178,0.8919999999999959,-0.009999999999999995,8.996994447530216,-0.20000000000000018,0.42526325426604217,-1.7694736842105243,0.7199999999999998
2021-03-01,4.1562807282546625,1.609139173962017,3.601869434761825,5.245318784907936,8.29841851170884,1.8722896888167788,1.382000000000005,-0.009999999999999995,14.245180147178926,-0.10000000000000053,1.357551592165592,-1.2974828375286052,0.7000000000000002
2021-04-01,5.1097330468056406,5.057772738837467,3.856489967870606,6.28851488478652,3.47375320872091,0.6703895372322859,1.6529999999999632,0.0,17.3743282929385,0.0,-0.4215115217441934,-4.426853002070395,0.7000000000000002
2021-05-01,0.547149271672327,-0.9349245334813094,1.8536411522985659,4.660785234439767,3.081627469006802,5.552606769224505,1.7690000000000055,-0.010000000000000009,16.334775145179737,-0.2999999999999998,-1.2696192241850497,2.3443095238095246,0.6600000000000001
2021-06-01,2.1970872566122472,6.47643593489549,1.8834445890412204,-3.481881044372138,-2.6215853357795096,3.1299686977815067,2.271000000000015,0.020000000000000004,13.12020048775986,0.10000000000000053,0.7210916345770073,-2.8036818181818184,0.6499999999999999
2021-07-01,2.2493175922251307,3.8136490712941016,4.8052616295323,-0.46441326762476515,0.9331318432827332,-8.68257546700602,1.2490000000000236,0.020000000000000004,10.49528260051158,-0.5,1.4837667456952772,0.6465151515151533,0.6700000000000004
2021-08-01,2.8578143159792577,3.497446590214042,2.2891580161746914,5.019743106874042,1.1064735107457337,-2.0248116945727768,0.7729999999999677,-0.010000000000000009,10.130152294916117,-0.3000000000000007,0.27714155453108447,-0.1306060606060626,0.6900000000000004
2021-09-01,-4.873779278283316,-6.193161195018889,-6.028264548945315,-2.291691870924378,-6.594932709750935,7.347314943740344,1.2340000000000373,-0.009999999999999995,11.190414660419435,-0.39999999999999947,0.19238083083907043,2.3520346320346306,0.7000000000000002
2021-10-01,6.68581752839893,7.859917327166803,4.994913855021819,7.021779790009754,6.5757898652322195,9.829009907393871,2.6399999999999864,0.0,12.344004389880814,-0.20000000000000018,0.9590475899832853,-1.9533333333333296,0.6699999999999999
2021-11-01,-0.8368625655205266,4.354966703706446,-3.1040333437102614,-5.882542889744964,-3.6250693622182606,-5.141237517152335,2.3689999999999714,0.0,12.559034058063245,-0.40000000000000036,1.3195234026227638,0.6290476190476149,0.6599999999999997
2021-12-01,4.268864816139665,3.00673220509739,8.2524105083635,2.83099071246784,4.880435086309425,1.653230216356056,1.9260000000000446,0.0,12.046378463964725,-0.19999999999999973,0.9190486065753163,2.854069264069267,0.6499999999999999
2022-01-01,-5.401822999928342,-7.089672502167016,-7.102796338192081,0.02561038588395434,-4.910209073045833,17.205883707190516,1.697999999999979,0.0,11.32969790649696,0.10000000000000009,-0.22350030378864005,1.8264545454545456,0.6499999999999999
2022-02-01,-3.186276102171146,-5.000404830296917,-0.9724713889224246,-1.3921361793315532,-0.8473344678297771,6.830498636579763,1.9569999999999936,0.0,10.817723020190906,-0.10000000000000009,0.030342925222299755,2.567421052631577,0.7200000000000002
2022-03-01,3.5148286271522737,3.10567154922334,5.268120810038619,-0.5205653674934428,3.046525278209133,7.975930712083732,3.173999999999978,0.12000000000000001,10.530513892933403,-0.19999999999999973,2.4701141252670453,1.2202745995423356,0.8599999999999999
2022-04-01,-9.206782490742233,-11.672963439571085,-5.014528687765378,-10.472285666598527,-7.918534262707647,-1.702001480750258,0.8870000000000005,0.13,10.396104142805985,0.0,2.2415431478749355,-2.5951956521739135,0.9000000000000004
2022-05-01,0.005317629076062466,-0.6882641406634905,1.4780114573243135,2.7438214727819386,-0.46355166223353017,14.871815941428421,2.737000000000023,0.44,10.330060937402695,-0.10000000000000009,2.459118979317793,4.940136363636363,0.9900000000000002
2022-06-01,-8.76515818048179,-9.97199879871486,-3.063924712157668,-12.02882957953612,-8.090546183843628,-19.836696598423543,3.658999999999992,0.43999999999999995,10.188026155884188,0.0,0.6766673496791213,-1.0804545454545433,1.0299999999999994
2022-07-01,8.720138468971587,12.620837611811192,3.19240462675211,6.939549468178925,9.078263008029888,9.2241643581377,-0.04399999999998272,0.47,9.815227254977499,-0.10000000000000009,3.1892140524728063,-3.237943722943726,1.1500000000000004
2022-08-01,-4.336703066340545,-6.414110841788273,-5.943568854152434,-1.9772958873750488,-2.8744611355183842,2.617821090966535,0.18399999999996908,0.6500000000000001,9.141609925542982,0.10000000000000009,0.11606503362240517,-2.825672877846788,1.08
2022-09-01,-9.804916662099258,-12.99257792241992,-2.969268028971642,-8.489557058205877,-11.493553253281537,-11.131337281491978,1.2520000000000095,0.22999999999999998,8.401347142324855,-0.10000000000000009,3.593768038858272,5.172252964426875,1.1000000000000003
2022-10-01,7.683456446885563,7.374111199185871,9.176843154944272,11.264613014098881,13.010026332165737,22.286585872066713,1.6580000000000155,0.52,7.886457426572524,0.10000000000000009,1.1980946858724053,2.663896103896107,1.16
2022-11-01,5.235797609764905,6.134662990654459,4.6150178282998295,6.6321120475308994,7.521269691251765,1.269684753471296,0.7789999999999964,0.6999999999999997,7.773865219339293,0.0,-3.801427568708121,-6.7066233766233765,1.17
2022-12-01,-6.078182537666818,-8.853708256052856,-2.3066457604346056,-5.9867556870802705,-3.5115918706996334,-4.1210626477537,0.04599999999999227,0.31999999999999984,7.84388082154317,-0.10000000000000009,-3.6371438162667573,-1.514805194805195,1.16
2023-01-01,5.992118183434967,8.853708256052851,-1.8499137781440462,6.672911777188268,3.6393093843642617,2.7735701932464285,1.5880000000000223,0.23000000000000043,7.78641972722196,0.0,-1.7908575330461645,-1.6152380952380945,1.0999999999999996
2023-02-01,-2.645947885979313,0.41103811248921274,-4.752748338508438,-2.3243993966095755,-0.8677672585195639,-7.191206810310441,1.0299999999999727,0.2400000000000002,7.39600174776005,0.10000000000000009,0.9480009179365965,-0.04854761904762128,1.0300000000000002
2023-03-01,3.4451292698263587,10.08748680775357,1.7847245343740146,-10.529829203764884,0.20776567739667945,-1.0329188500450903,0.37100000000003774,0.08000000000000007,6.859581665329162,-0.10000000000000009,0.10739132250476757,1.523847826086957,1.1100000000000003
2023-04-01,1.45361776495622,-0.11926364915179638,3.0954157576167636,3.1233299611960015,-1.1730925891865747,2.738913091622928,1.024000000000001,0.17999999999999972,6.452744124307475,-0.10000000000000009,-2.0031814226024096,-3.8264530892448505,1.0600000000000005
2023-05-01,0.24792714332724763,8.541889473771429,-4.362489205001415,-4.343815417128654,-3.2006811890160534,-10.571299552553686,0.4889999999999759,0.22999999999999954,6.36441369306493,0.20000000000000018,0.937153008565943,-0.1818077803203657,1.0999999999999996
2023-06-01,6.271886491464175,5.667809950377791,3.7615686944928415,5.958685850150271,10.265164861588659,5.807922610777262,0.6800000000000068,0.020000000000000462,6.476855395553227,0.0,0.4105413692854256,-3.6329051383399253,1.0999999999999996
2023-07-01,3.066395090770391,2.5497564865512286,1.0641573924940573,4.693801111119974,2.847623755944482,7.486453596747768,0.5949999999999704,0.040000000000000036,6.601313532832864,-0.10000000000000009,-1.784404936290926,-0.07080086580086409,1.08
2023-08-01,-1.7875203842993896,-1.5197616690338185,-0.7031650609943702,-2.7257482175617405,-2.003263694954336,1.6326834321544759,1.4730000000000132,0.20999999999999996,6.589119379654207,0.20000000000000018,1.7690224025560468,1.9215320910973084,1.0699999999999994
2023-09-01,-4.994616792328207,-6.911086657726148,-3.413197147085974,-3.5829233265798495,-6.5382817371467645,1.6396566554058456,1.1940000000000168,0.0,6.4374524928267896,0.0,2.2349776889966932,-0.6805797101449276,1.0300000000000002
2023-10-01,-2.2224841001403375,0.04879053227331899,-3.316795249755755,-2.4722686705240924,-3.0241582398977322,-5.924955034478066,0.4200000000000159,0.0,6.179216431929557,0.19999999999999973,1.021682877974058,3.71439393939394,1.0199999999999996
2023-11-01,8.54244482007529,12.129296785899333,5.293396448264522,10.381422694623556,8.466181999019678,-0.7186231019982618,0.4519999999999982,0.0,5.861707555759033,-0.19999999999999973,-1.8250872954661617,-4.868636363636362,1.0099999999999998
2023-12-01,4.327903543160834,3.8771894088309966,3.7884221617279072,4.626667181613931,6.281466296470831,-0.8787676800141204,0.5929999999999609,0.0,5.590006133970471,0.09999999999999964,-1.8450944991338787,-1.300590909090909,0.8999999999999995
2024-01-01,1.5770693886425724,2.6657294600010117,2.890792318959487,3.0384733904505334,-0.9696818641327973,-0.5141926734551964,0.9569999999999936,0.0,5.48093625012378,-0.09999999999999964,0.2917613983154297,0.6701363636363631,0.8099999999999996
2024-02-01,5.042752831277197,4.597262496865439,3.1138576450212825,3.9954792590143797,6.937665772988985,3.220562238194858,1.2690000000000055,0.0,5.597128582571087,0.19999999999999973,1.1297389984130888,0.5918398268398235,0.7399999999999993
2024-03-01,3.054742011174303,0.6213185766849186,1.989461187746703,4.317912559830188,4.017384336768541,9.167316599345886,1.3780000000000427,0.0,5.793153079865299,0.0,-0.4805000305175753,-0.19297619047618753,0.7400000000000002
2024-04-01,-4.250577768147858,-5.934405129870284,-5.138944960152639,-4.268345129882024,-3.58855583014452,-0.9471757265389501,0.6779999999999973,0.0,5.873540753914219,0.0,1.7878178336403465,2.3502272727272757,0.7199999999999998
2024-05-01,4.6903805304359665,6.837787873635295,2.3730967036722768,3.122201848085651,1.6243311082954026,-0.34275923210949744,0.1519999999999868,0.0,5.705846899595968,0.0,-0.4468179182572669,-3.079031620553364,0.7000000000000002
2024-06-01,3.4082343238882262,7.368299919456664,1.4165053382629162,-1.2809813332371969,-1.3367216373542083,-2.224117108238435,-0.13100000000002865,0.0,5.399016650765898,0.19999999999999973,0.20184196581679714,-0.39169565217391167,0.6900000000000004
2024-07-01,1.1257710402409888,-3.339407750165951,2.6272787597302663,6.201163786577007,4.798099473978042,2.2348484385886755,0.5250000000000341,0.0,5.11781257856232,0.10000000000000053,-0.5563882526598576,1.7069130434782647,0.7199999999999998
2024-08-01,2.2577897117514727,0.6968346291076603,4.935324775398383,4.471017166810673,2.776675379481481,-2.0923310070216563,0.492999999999995,0.0,4.981231924782881,0.0,-2.397727619517923,4.938359683794463,0.7299999999999995
2024-09-01,1.9995632287754546,2.4346032986021093,-2.0436368731134356,-0.9224795864447854,2.9826081943631815,-3.8870156781516307,0.6700000000000159,-0.20000000000000018,4.94514087175606,-0.10000000000000053,-1.194226802479136,-1.6489393939393935,0.7400000000000002
2024-10-01,-0.9946041598550177,-1.5714560049334299,-4.753468333079612,2.5273673269033505,-1.195840436039199,0.8957407687079535,0.8989999999999441,-0.2999999999999998,4.926908344081604,0.0,2.2928043697191356,2.2975362318840595,0.6799999999999997
2024-11-01,5.5719714029497265,5.040868100811014,0.36700363822472104,9.944807572006003,7.317353937957242,7.542137841748772,0.8970000000000482,-0.1900000000000004,4.862961712865177,0.10000000000000053,2.532195248811121,-3.945631469979297,0.6400000000000006
2024-12-01,-2.5307692187745623,-0.5190323523659115,-6.908491318936084,-6.041765467160483,-8.876184669109678,-10.905430656478993,1.075999999999965,-0.15999999999999925,4.761054110482532,-0.10000000000000053,1.3465001424153655,-0.14904761904761976,0.5999999999999996
2025-01-01,2.665780641966916,-0.738141053364483,6.541487680711351,6.294661363795692,4.880470617071488,2.2851492824052664,1.3570000000000277,-0.15000000000000036,4.646595091897399,-0.09999999999999964,1.4190474010649439,0.8974458874458886,0.6200000000000001
2025-02-01,-1.4344484648483262,-2.3141668298680873,1.3928539198882373,1.3700148175650775,-1.470831972033287,3.7621998753887795,0.7179999999999609,0.0,4.5491633998506975,0.20000000000000018,-1.2558898543355497,0.20436363636363453,0.5999999999999996
2025-03-01,-5.926678538017666,-8.824964765694908,-1.9801272827202863,-4.648349090132227,-3.9346843117425765,2.656699472813677,0.10600000000005139,0.0,4.514864630796245,0.0,-3.166014573329079,4.8734285714285726,0.6399999999999997
2025-04-01,-0.7654161847847312,1.6761134464789975,-3.868112335868494,-2.1305524465737062,0.11437257077932406,-14.916931682046918,0.5169999999999959,0.0,4.592867118874899,0.0,-3.469524201892682,10.1247619047619,0.7299999999999995
2025-05-01,5.970544763775343,9.506337089054142,-5.735526474753241,4.413072310825739,8.470983418437433,1.2713851277860444,0.31799999999998363,0.0,4.808858102113311,0.09999999999999964,-0.6344374619521176,-11.503917748917743,0.75
2025-06-01,4.841565544761899,9.227010971807676,1.6079275154925472,2.729289459754029,3.2378641366365604,3.944239588445674,0.8149999999999977,0.0,5.098327806066294,-0.20000000000000018,-1.72218114679508,-2.0589393939393936,0.6900000000000004
2025-07-01,2.1435178792465086,3.6866763081084275,-3.288133371255812,0.0,2.9982483248874594,2.790556115409647,0.7339999999999804,0.0,5.375376325780867,0.20000000000000018,-0.3582718589089211,-2.0220289855072515,0.6499999999999995
2025-08-01,1.8886957507385715,-0.11042786628195783,5.2278015044794595,3.0464987422829934,0.0,3.581464231696474,1.122000000000014,0.0,5.566085314134339,0.0,0.23727147816580896,-0.6313043478260845,0.6500000000000004
2025-09-01,3.471411909808157,7.134980758260542,1.2581551002215756,-0.22251584538735136,1.4498695014575047,-1.168436012462687,0.9540000000000077,-0.11000000000000032,5.641062040814515,0.10000000000000053,-0.5542849586123708,0.03909090909090729,0.6200000000000001
